0.000000000000000000e+00,0.000000000000000000e+00
3.333333333333333287e-02,-2.767202572349580455e-04
6.666666666666666574e-02,2.253376205786772465e-04
1.000000000000000056e-01,-3.241157556273109353e-05
1.333333333333333315e-01,5.916398713806742324e-05
1.666666666666666574e-01,-4.874598070752209680e-05
2.000000000000000111e-01,-1.945337620579662798e-04
2.333333333333333370e-01,-1.863022508039245640e-04
2.666666666666666630e-01,-1.684887459822680337e-05
2.999999999999999889e-01,-4.090032154362372910e-05
3.333333333333333148e-01,7.093247588471304245e-05
3.666666666666666408e-01,-3.356913183281533286e-04
4.000000000000000222e-01,2.197427652733942533e-04
4.333333333333333481e-01,-1.414790996783516375e-04
4.666666666666666741e-01,-2.392282958198477239e-04
5.000000000000000000e-01,-2.696463022506813650e-04
5.333333333333333259e-01,-3.858520897443233583e-07
5.666666666666666519e-01,-2.228295819932109929e-04
5.999999999999999778e-01,4.906752411581971721e-05
6.333333333333333037e-01,-3.452090032152525215e-04
6.666666666666666297e-01,-1.681028938906615480e-04
6.999999999999999556e-01,-7.729903536948469131e-05
7.333333333333332815e-01,2.456591639856670666e-05
7.666666666666667185e-01,9.324758842439836905e-05
8.000000000000000444e-01,1.517684887475996913e-05
8.333333333333333703e-01,-7.691318327960736578e-05
8.666666666666666963e-01,-6.495176848463130469e-06
9.000000000000000222e-01,1.639871382638401968e-04
9.333333333333333481e-01,1.472025723470601042e-04
9.666666666666666741e-01,1.807717041799552398e-04
1.000000000000000000e+00,-6.829581993542227481e-05
1.033333333333333437e+00,4.046945337620166125e-04
1.066666666666666652e+00,-4.934405144694502688e-04
1.100000000000000089e+00,2.778135048232763531e-04
1.133333333333333304e+00,2.833440514469796412e-04
1.166666666666666741e+00,-4.990353697746002576e-04
1.199999999999999956e+00,3.618006430872934445e-04
1.233333333333333393e+00,6.014790996784652758e-04
1.266666666666666607e+00,8.120900321541055624e-04
1.300000000000000044e+00,1.000643086816645514e-03
1.333333333333333259e+00,1.159935691318249784e-03
1.366666666666666696e+00,2.153890675241426893e-03
1.399999999999999911e+00,2.053376205787746638e-03
1.433333333333333348e+00,3.308424437298999876e-03
1.466666666666666563e+00,4.861286173633684940e-03
1.500000000000000000e+00,5.130482315112376741e-03
1.533333333333333437e+00,6.111897106109685958e-03
1.566666666666666652e+00,7.684887459807420058e-03
1.600000000000000089e+00,7.631254019292789230e-03
1.633333333333333304e+00,8.719421221865258573e-03
1.666666666666666741e+00,9.169774919613916594e-03
1.699999999999999956e+00,9.719099678456744051e-03
1.733333333333333393e+00,9.840771704180477711e-03
1.766666666666666607e+00,1.065659163987192626e-02
1.800000000000000044e+00,1.152090032154364820e-02
1.833333333333333259e+00,1.211749196141487239e-02
1.866666666666666696e+00,1.273794212218648698e-02
1.899999999999999911e+00,1.330347266881068240e-02
1.933333333333333348e+00,1.348964630225051552e-02
1.966666666666666563e+00,1.407755627009637384e-02
2.000000000000000000e+00,1.503601286173593919e-02
2.033333333333333215e+00,1.521511254019256194e-02
2.066666666666666874e+00,1.549485530546628777e-02
2.100000000000000089e+00,1.618868167202610481e-02
2.133333333333333304e+00,1.664938906752372674e-02
2.166666666666666519e+00,1.718623794212187014e-02
2.200000000000000178e+00,1.840578778135084151e-02
2.233333333333333393e+00,1.878353697749198317e-02
2.266666666666666607e+00,1.927652733118971271e-02
2.299999999999999822e+00,1.995163987138242820e-02
2.333333333333333481e+00,2.042302250803851305e-02
2.366666666666666696e+00,2.120610932475893232e-02
2.399999999999999911e+00,2.160077170418014947e-02
2.433333333333333126e+00,2.240823151125386284e-02
2.466666666666666785e+00,2.262122186495194379e-02
2.500000000000000000e+00,2.399401929260444946e-02
2.533333333333333215e+00,2.412797427652720039e-02
2.566666666666666874e+00,2.490675241157552788e-02
2.600000000000000089e+00,2.500964630225084931e-02
2.633333333333333304e+00,2.622553054662392705e-02
2.666666666666666519e+00,2.597961414790954382e-02
2.700000000000000178e+00,2.643729903536972889e-02
2.733333333333333393e+00,2.660508038585249202e-02
2.766666666666666607e+00,2.701401929260435764e-02
2.799999999999999822e+00,2.726456591639886060e-02
2.833333333333333481e+00,2.737003215434083078e-02
2.866666666666666696e+00,2.812372990353675592e-02
2.899999999999999911e+00,2.816115755627002226e-02
2.933333333333333126e+00,2.875170418006437259e-02
2.966666666666666785e+00,2.889935691318342229e-02
3.000000000000000000e+00,2.945581993569130683e-02
3.033333333333333215e+00,2.949723472668836638e-02
3.066666666666666874e+00,2.979292604501594319e-02
3.100000000000000089e+00,2.994340836012835891e-02
3.133333333333333304e+00,3.049672025723498131e-02
3.166666666666666519e+00,3.060225080385853280e-02
3.200000000000000178e+00,3.072797427652710842e-02
3.233333333333333393e+00,3.100649517684882575e-02
3.266666666666666607e+00,3.140887459807064491e-02
3.299999999999999822e+00,3.141041800643055298e-02
3.333333333333333481e+00,3.170225080385829369e-02
3.366666666666666696e+00,3.196945337620575589e-02
3.399999999999999911e+00,3.276077170417995149e-02
3.433333333333333126e+00,3.273987138263661362e-02
3.466666666666666785e+00,3.227620578778113425e-02
3.500000000000000000e+00,3.313729903537014632e-02
3.533333333333333215e+00,3.357446945337607541e-02
3.566666666666666874e+00,3.505016077170443334e-02
3.600000000000000089e+00,3.530289389067530620e-02
3.633333333333333304e+00,3.620282958199366741e-02
3.666666666666666519e+00,3.739466237942148247e-02
3.700000000000000178e+00,3.796212218649532705e-02
3.733333333333333393e+00,3.836784565916381839e-02
3.766666666666666607e+00,3.982321543408385428e-02
3.799999999999999822e+00,4.077614147909931763e-02
3.833333333333333481e+00,4.140469453376234565e-02
3.866666666666666696e+00,4.245864951768545809e-02
3.899999999999999911e+00,4.274810289389075618e-02
3.933333333333333126e+00,4.354533762057880009e-02
3.966666666666666785e+00,4.461131832797447794e-02
4.000000000000000000e+00,4.538881028938895196e-02
4.033333333333333215e+00,4.560405144694537616e-02
4.066666666666666430e+00,4.679472668810302771e-02
4.099999999999999645e+00,4.683948553054635699e-02
4.133333333333333748e+00,4.876649517684893131e-02
4.166666666666666963e+00,4.998231511254015713e-02
4.200000000000000178e+00,5.098848874598090747e-02
4.233333333333333393e+00,5.223086816720286935e-02
4.266666666666666607e+00,5.427549839228340556e-02
4.299999999999999822e+00,5.512154340835975080e-02
4.333333333333333037e+00,5.604745980707422082e-02
4.366666666666666252e+00,5.732218649517666770e-02
4.400000000000000355e+00,5.871807073955007811e-02
4.433333333333333570e+00,5.999723472668843510e-02
4.466666666666666785e+00,6.032430868167201060e-02
4.500000000000000000e+00,6.190418006430874892e-02
4.533333333333333215e+00,6.239485530546641512e-02
4.566666666666666430e+00,6.308096463022495881e-02
4.599999999999999645e+00,6.393826366559504648e-02
4.633333333333333748e+00,6.463189710610958705e-02
4.666666666666666963e+00,6.543729903537022496e-02
4.700000000000000178e+00,6.660488745980711056e-02
4.733333333333333393e+00,6.748823151125368791e-02
4.766666666666666607e+00,6.836019292604483821e-02
4.799999999999999822e+00,6.860167202572342582e-02
4.833333333333333037e+00,6.944553054662354341e-02
4.866666666666666252e+00,7.007446945337604538e-02
4.900000000000000355e+00,7.045832797427631355e-02
4.933333333333333570e+00,7.182662379421185517e-02
4.966666666666666785e+00,7.233659163987163354e-02
5.000000000000000000e+00,7.289993569131839046e-02
5.033333333333333215e+00,7.395980707395494180e-02
5.066666666666666430e+00,7.407228295819934250e-02
5.099999999999999645e+00,7.515228295819961768e-02
5.133333333333333748e+00,7.520726688102861990e-02
5.166666666666666963e+00,7.554340836012915505e-02
5.200000000000000178e+00,7.582096463022518218e-02
5.233333333333333393e+00,7.656527331189703911e-02
5.266666666666666607e+00,7.705890675241136578e-02
5.299999999999999822e+00,7.741279742765318217e-02
5.333333333333333037e+00,7.869839228295816280e-02
5.366666666666666252e+00,7.855736334405179211e-02
5.400000000000000355e+00,7.858147909967824751e-02
5.433333333333333570e+00,7.910045016077167646e-02
5.466666666666666785e+00,7.976771704180077305e-02
5.500000000000000000e+00,8.018263665594846379e-02
5.533333333333333215e+00,8.053131832797447154e-02
5.566666666666666430e+00,8.079151125401909384e-02
5.599999999999999645e+00,8.098971061093229729e-02
5.633333333333333748e+00,8.118218649517691676e-02
5.666666666666666963e+00,8.203877813504817373e-02
5.700000000000000178e+00,8.198758842443742978e-02
5.733333333333333393e+00,8.237118971061056782e-02
5.766666666666666607e+00,8.265536977491927395e-02
5.799999999999999822e+00,8.353491961414774569e-02
5.833333333333333037e+00,8.349260450160762848e-02
5.866666666666666252e+00,8.361916398713807597e-02
5.900000000000000355e+00,8.412424437299048652e-02
5.933333333333333570e+00,8.402745980707387874e-02
5.966666666666666785e+00,8.408231511254012081e-02
6.000000000000000000e+00,8.483369774919624628e-02
6.033333333333333215e+00,8.415434083601261439e-02
6.066666666666666430e+00,8.481221864951750400e-02
6.099999999999999645e+00,8.484463022508022256e-02
6.133333333333333748e+00,8.477922829582014430e-02
6.166666666666666963e+00,8.479633440514483533e-02
6.200000000000000178e+00,8.467897106109358030e-02
6.233333333333333393e+00,8.478713826366510165e-02
6.266666666666666607e+00,8.465723472668851279e-02
6.299999999999999822e+00,8.454945337620554946e-02
6.333333333333333037e+00,8.451781350482270860e-02
6.366666666666666252e+00,8.460154340836041620e-02
6.400000000000000355e+00,8.444655948553023150e-02
6.433333333333333570e+00,8.440450160771684196e-02
6.466666666666666785e+00,8.386334405144700577e-02
6.500000000000000000e+00,8.237659163987123834e-02
6.533333333333333215e+00,8.125524115755641819e-02
6.566666666666666430e+00,8.058109324758833125e-02
6.599999999999999645e+00,7.934649517684909392e-02
6.633333333333333748e+00,7.787491961414808039e-02
6.666666666666666963e+00,7.616051446945344694e-02
6.700000000000000178e+00,7.495884244372984229e-02
6.733333333333333393e+00,7.395241157556303735e-02
6.766666666666666607e+00,7.341717041800624455e-02
6.799999999999999822e+00,7.170270096463016163e-02
6.833333333333333037e+00,6.996418006430921155e-02
6.866666666666666252e+00,6.926668810289417222e-02
6.900000000000000355e+00,6.738630225080352587e-02
6.933333333333333570e+00,6.685781350482311591e-02
6.966666666666666785e+00,6.499189710610946136e-02
7.000000000000000000e+00,6.421684887459860880e-02
7.033333333333333215e+00,6.274919614147875246e-02
7.066666666666666430e+00,6.170996784565934562e-02
7.099999999999999645e+00,6.045627009646326044e-02
7.133333333333333748e+00,5.838598070739530604e-02
7.166666666666666963e+00,5.666045016077168178e-02
7.200000000000000178e+00,5.601909967845646737e-02
7.233333333333333393e+00,5.381954983922800084e-02
7.266666666666666607e+00,5.293247588424473266e-02
7.299999999999999822e+00,5.262289389067572459e-02
7.333333333333333037e+00,5.121189710610953016e-02
7.366666666666666252e+00,5.086090032154332724e-02
7.400000000000000355e+00,4.999794212218677814e-02
7.433333333333333570e+00,4.978803858520917947e-02
7.466666666666666785e+00,4.972623794212235188e-02
7.500000000000000000e+00,4.869839228295837902e-02
7.533333333333333215e+00,4.805678456591670755e-02
7.566666666666666430e+00,4.688115755627026565e-02
7.599999999999999645e+00,4.607189710610926081e-02
7.633333333333333748e+00,4.559659163987162672e-02
7.666666666666666963e+00,4.538681672025745434e-02
7.700000000000000178e+00,4.493819935691357320e-02
7.733333333333333393e+00,4.368321543408389823e-02
7.766666666666666607e+00,4.314295819935737991e-02
7.799999999999999822e+00,4.175080385852104892e-02
7.833333333333333037e+00,4.144469453376226076e-02
7.866666666666666252e+00,3.958212218649539982e-02
7.900000000000000355e+00,3.887858520900348142e-02
7.933333333333333570e+00,3.818508038585196468e-02
7.966666666666666785e+00,3.665382636655972054e-02
8.000000000000000000e+00,3.588218649517724984e-02
8.033333333333333215e+00,3.537273311897130845e-02
8.066666666666666430e+00,3.415890675241197577e-02
8.099999999999999645e+00,3.354038585208974493e-02
8.133333333333332860e+00,3.322546623794216808e-02
8.166666666666666075e+00,3.244405144694534338e-02
8.199999999999999289e+00,3.133221864951775404e-02
8.233333333333332504e+00,3.122900321543413751e-02
8.266666666666667496e+00,3.030598070739554117e-02
8.300000000000000711e+00,3.034861736334434207e-02
8.333333333333333925e+00,2.925620578778162853e-02
8.366666666666667140e+00,2.816077170418027770e-02
8.400000000000000355e+00,2.766315112540162699e-02
8.433333333333333570e+00,2.606508038585202483e-02
8.466666666666666785e+00,2.396938906752377196e-02
8.500000000000000000e+00,2.268938906752394208e-02
8.533333333333333215e+00,2.134836012861717272e-02
8.566666666666666430e+00,1.997697749196154782e-02
8.599999999999999645e+00,1.832463022508018860e-02
8.633333333333332860e+00,1.782520900321571053e-02
8.666666666666666075e+00,1.692186495176857194e-02
8.699999999999999289e+00,1.525157556270146514e-02
8.733333333333332504e+00,1.454540192926025328e-02
8.766666666666667496e+00,1.338829581993550115e-02
8.800000000000000711e+00,1.295331189710634268e-02
8.833333333333333925e+00,1.222636655948535454e-02
8.866666666666667140e+00,1.123781350482312008e-02
8.900000000000000355e+00,1.052025723472633720e-02
8.933333333333333570e+00,1.050848874598115518e-02
8.966666666666666785e+00,9.775562700964739171e-03
9.000000000000000000e+00,8.352540192925984527e-03
9.033333333333333215e+00,7.988938906752729441e-03
9.066666666666666430e+00,7.166881028939136623e-03
9.099999999999999645e+00,7.300964630224913987e-03
9.133333333333332860e+00,6.570225080385667590e-03
9.166666666666666075e+00,6.442443729903215080e-03
9.199999999999999289e+00,6.138263665594480278e-03
9.233333333333332504e+00,6.141929260450110228e-03
9.266666666666667496e+00,5.510610932475561163e-03
9.300000000000000711e+00,4.717684887460010627e-03
9.333333333333333925e+00,4.594083601286624331e-03
9.366666666666667140e+00,4.483987138263865677e-03
9.400000000000000355e+00,3.867202572347082194e-03
9.433333333333333570e+00,2.505401929260802404e-03
9.466666666666666785e+00,1.784951768488676239e-03
9.500000000000000000e+00,1.643794212218622087e-03
9.533333333333333215e+00,1.844823151125583611e-03
9.566666666666666430e+00,1.342379421221804930e-03
9.599999999999999645e+00,5.673954983920012239e-04
9.633333333333332860e+00,5.099035369776666778e-04
9.666666666666666075e+00,5.569774919618549923e-04
9.699999999999999289e+00,4.124115755626225248e-04
9.733333333333332504e+00,2.087459807075673821e-04
9.766666666666667496e+00,-8.340836012858922821e-04
9.800000000000000711e+00,-7.816720257231389709e-04
9.833333333333333925e+00,-3.493890675240526184e-04
9.866666666666667140e+00,-1.877813504822532288e-04
9.900000000000000355e+00,-5.176848874595863133e-04
9.933333333333333570e+00,-4.163987138266834792e-04
9.966666666666666785e+00,-5.646302250804821317e-04
1.000000000000000000e+01,-4.951768488748957810e-04
1.003333333333333321e+01,-5.107395498394001017e-04
1.006666666666666643e+01,-3.100964630221829800e-04
1.009999999999999964e+01,-1.572347266881271458e-04
1.013333333333333286e+01,-7.789067524113538156e-04
1.016666666666666607e+01,-7.266881028896152769e-05
1.019999999999999929e+01,-8.945337620587463833e-05
1.023333333333333250e+01,-2.441157556269557712e-04
1.026666666666666750e+01,-8.842443729873700881e-05
1.030000000000000071e+01,-8.751125401932074869e-04
1.033333333333333393e+01,-8.982636655944932057e-04
1.036666666666666714e+01,1.650160771701797587e-04
1.040000000000000036e+01,-5.588424437299279509e-04
1.043333333333333357e+01,-2.971061093247246722e-04
1.046666666666666679e+01,-3.432797427655998306e-04
1.050000000000000000e+01,-3.211575562699885969e-04
1.053333333333333321e+01,-4.282958199352914072e-04
1.056666666666666643e+01,-3.787781350477486164e-04
1.059999999999999964e+01,-3.459807073952731815e-04
1.063333333333333286e+01,-2.839871382638409453e-04
1.066666666666666607e+01,-2.659163987136043349e-04
1.069999999999999929e+01,-5.157556270095345818e-04
1.073333333333333250e+01,-5.196784565918827724e-04
1.076666666666666750e+01,-3.945337620579231382e-04
1.080000000000000071e+01,-4.479099678454363602e-04
1.083333333333333393e+01,-5.636655948549243022e-04
1.086666666666666714e+01,-2.463022508027943322e-05
1.090000000000000036e+01,8.295819935661343934e-05
1.093333333333333357e+01,-1.861736334404991177e-04
1.096666666666666679e+01,-1.270739549836123793e-04
1.100000000000000000e+01,-6.881028938925711890e-05
1.103333333333333321e+01,-1.560771704179630970e-04
1.106666666666666643e+01,-6.977491961409676207e-04
1.109999999999999964e+01,4.641157556268019307e-04
1.113333333333333286e+01,4.670739549835922376e-04
1.116666666666666607e+01,4.741479099680019496e-04
1.119999999999999929e+01,7.286816720259020608e-04
1.123333333333333250e+01,9.924758842441835580e-04
1.126666666666666750e+01,1.036655948553161189e-03
1.130000000000000071e+01,1.064887459807225102e-03
1.133333333333333393e+01,1.692926045016287552e-03
1.136666666666666714e+01,1.866559485531051402e-03
1.140000000000000036e+01,1.929389067523951161e-03
1.143333333333333357e+01,2.534405144694754433e-03
1.146666666666666679e+01,2.885787781350438244e-03
1.150000000000000000e+01,2.983922829582343755e-03
1.153333333333333321e+01,3.661479099678283892e-03
1.156666666666666643e+01,3.904823151125618071e-03
1.159999999999999964e+01,4.324244372990272874e-03
1.163333333333333286e+01,5.035112540192922086e-03
1.166666666666666607e+01,5.305916398714166649e-03
1.169999999999999929e+01,5.250546623793957493e-03
1.173333333333333250e+01,5.348553054662836571e-03
1.176666666666666750e+01,5.492347266881116886e-03
1.180000000000000071e+01,6.452604501607308446e-03
1.183333333333333393e+01,6.816463022507680651e-03
1.186666666666666714e+01,7.090289389067428068e-03
1.190000000000000036e+01,7.082636655948402159e-03
1.193333333333333357e+01,7.499678456591281350e-03
1.196666666666666679e+01,8.038906752411463172e-03
1.200000000000000000e+01,8.432282958199754930e-03
1.203333333333333321e+01,8.370675241157402371e-03
1.206666666666666643e+01,8.978135048231824719e-03
1.209999999999999964e+01,9.167524115755566402e-03
1.213333333333333286e+01,9.520771704179722267e-03
1.216666666666666607e+01,1.046231511254027899e-02
1.219999999999999929e+01,1.042160771704192697e-02
1.223333333333333250e+01,1.059453376205824957e-02
1.226666666666666750e+01,1.077028938906753920e-02
1.230000000000000071e+01,1.181961414791025955e-02
1.233333333333333393e+01,1.177022508038614267e-02
1.236666666666666714e+01,1.194315112540206628e-02
1.240000000000000036e+01,1.251286173633466177e-02
1.243333333333333357e+01,1.261189710610921555e-02
1.246666666666666679e+01,1.339292604501615691e-02
1.250000000000000000e+01,1.316205787781377784e-02
1.253333333333333321e+01,1.393266881028950958e-02
1.256666666666666643e+01,1.457086816720239847e-02
1.259999999999999964e+01,1.572784565916385963e-02
1.263333333333333286e+01,1.610739549839282359e-02
1.266666666666666607e+01,1.687279742765275189e-02
1.269999999999999929e+01,1.724565916398745208e-02
1.273333333333333250e+01,1.823356913183295930e-02
1.276666666666666750e+01,1.880019292604507425e-02
1.280000000000000071e+01,2.002585209003209660e-02
1.283333333333333393e+01,2.003884244372955425e-02
1.286666666666666714e+01,2.071209003215433372e-02
1.290000000000000036e+01,2.180302250803832151e-02
1.293333333333333357e+01,2.245382636655972319e-02
1.296666666666666679e+01,2.358713826366566277e-02
1.300000000000000000e+01,2.480469453376233854e-02
1.303333333333333321e+01,2.506141479099674094e-02
1.306666666666666643e+01,2.575344051446913640e-02
1.309999999999999964e+01,2.703472668810281976e-02
1.313333333333333286e+01,2.721157556270109232e-02
1.316666666666666607e+01,2.781337620578811995e-02
1.319999999999999929e+01,2.808848874598092807e-02
1.323333333333333250e+01,2.913209003215427514e-02
1.326666666666666750e+01,2.946893890675258976e-02
1.330000000000000071e+01,3.016141479099670661e-02
1.333333333333333393e+01,3.100990353697720414e-02
1.336666666666666714e+01,3.142057877813504707e-02
1.340000000000000036e+01,3.204874598070753255e-02
1.343333333333333357e+01,3.324610932475904890e-02
1.346666666666666679e+01,3.377131832797437144e-02
1.350000000000000000e+01,3.402617363344043189e-02
1.353333333333333321e+01,3.537594855305441210e-02
1.356666666666666643e+01,3.548784565916379696e-02
1.359999999999999964e+01,3.666270096462995870e-02
1.363333333333333286e+01,3.751061093247583939e-02
1.366666666666666607e+01,3.894263665594865920e-02
1.369999999999999929e+01,3.915794212218666470e-02
1.373333333333333250e+01,3.965549839228333512e-02
1.376666666666666750e+01,4.017665594855328315e-02
1.380000000000000071e+01,4.064398713826359449e-02
1.383333333333333393e+01,4.116032154340827642e-02
1.386666666666666714e+01,4.161189710610920661e-02
1.390000000000000036e+01,4.214919614147893956e-02
1.393333333333333357e+01,4.296064308681644961e-02
1.396666666666666679e+01,4.332308681672034090e-02
1.400000000000000000e+01,4.337729903536958337e-02
1.403333333333333321e+01,4.459588424437313514e-02
1.406666666666666643e+01,4.523395498392326214e-02
1.409999999999999964e+01,4.518758842443751367e-02
1.413333333333333286e+01,4.509710610932490121e-02
1.416666666666666607e+01,4.590205787781341529e-02
1.419999999999999929e+01,4.583710610932492657e-02
1.423333333333333250e+01,4.564372990353699616e-02
1.426666666666666750e+01,4.613729903536986643e-02
1.430000000000000071e+01,4.622720257234733121e-02
1.433333333333333393e+01,4.654630225080397948e-02
1.436666666666666714e+01,4.766540192926005393e-02
1.440000000000000036e+01,4.810270096463047096e-02
1.443333333333333357e+01,4.886289389067539207e-02
1.446666666666666679e+01,4.872032154340832227e-02
1.450000000000000000e+01,4.918572347266871037e-02
1.453333333333333321e+01,4.964270096463032494e-02
1.456666666666666643e+01,4.960932475884283210e-02
1.459999999999999964e+01,5.017363344051462004e-02
1.463333333333333286e+01,5.081800643086847175e-02
1.466666666666666607e+01,5.111151125401927620e-02
1.469999999999999929e+01,5.148360128617356091e-02
1.473333333333333250e+01,5.165871382636638698e-02
1.476666666666666750e+01,5.309016077170378850e-02
1.480000000000000071e+01,5.307138263665617250e-02
1.483333333333333393e+01,5.361048231511226364e-02
1.486666666666666714e+01,5.372668810289374375e-02
1.490000000000000036e+01,5.413170418006445911e-02
1.493333333333333357e+01,5.512340836012888379e-02
1.496666666666666679e+01,5.539549839228318645e-02
1.500000000000000000e+01,5.647813504823155639e-02
1.503333333333333321e+01,5.640810289389068533e-02
1.506666666666666643e+01,5.729556270096475279e-02
1.509999999999999964e+01,5.790250803858534162e-02
1.513333333333333286e+01,5.811864951768442450e-02
1.516666666666666607e+01,5.855118971061062244e-02
1.519999999999999929e+01,5.909131832797425571e-02
1.523333333333333250e+01,5.946900321543448220e-02
1.526666666666666750e+01,6.126340836012814789e-02
1.530000000000000071e+01,6.200482315112505749e-02
1.533333333333333393e+01,6.219562700964607893e-02
1.536666666666666714e+01,6.238926045016073008e-02
1.540000000000000036e+01,6.319678456591629190e-02
1.543333333333333357e+01,6.338784565916363856e-02
1.546666666666666679e+01,6.371884244372955086e-02
1.550000000000000000e+01,6.410263665594863325e-02
1.553333333333333321e+01,6.456681672025700591e-02
1.556666666666666643e+01,6.597665594855343929e-02
1.559999999999999964e+01,6.615086816720242013e-02
1.563333333333333286e+01,6.638752411575575552e-02
1.566666666666666607e+01,6.710276527331193730e-02
1.569999999999999929e+01,6.791993569131841990e-02
1.573333333333333250e+01,6.823106109324734991e-02
1.576666666666666750e+01,6.890437299035370722e-02
1.580000000000000071e+01,6.936128617363386539e-02
1.583333333333333393e+01,6.994958199356920980e-02
1.586666666666666714e+01,7.033884244372974603e-02
1.590000000000000036e+01,7.083112540192916529e-02
1.593333333333333357e+01,7.150700964630203604e-02
1.596666666666666679e+01,7.243678456591674808e-02
1.600000000000000000e+01,7.204803858520897331e-02
1.603333333333333499e+01,7.251588424437285796e-02
1.606666666666666643e+01,7.285504823151082998e-02
1.610000000000000142e+01,7.342585209003200941e-02
1.613333333333333286e+01,7.358675241157537628e-02
1.616666666666666785e+01,7.395498392282955080e-02
1.619999999999999929e+01,7.453215434083630686e-02
1.623333333333333428e+01,7.449434083601315371e-02
1.626666666666666572e+01,7.478868167202569472e-02
1.630000000000000071e+01,7.510842443729853768e-02
1.633333333333333215e+01,7.608745980707420919e-02
1.636666666666666714e+01,7.610398713826346806e-02
1.639999999999999858e+01,7.633106109324772071e-02
1.643333333333333357e+01,7.650784565916442237e-02
1.646666666666666501e+01,7.672038585209010886e-02
1.650000000000000000e+01,7.792347266880993162e-02
1.653333333333333499e+01,7.781581993569119948e-02
1.656666666666666643e+01,7.754334405144741593e-02
1.660000000000000142e+01,7.849536977491969325e-02
1.663333333333333286e+01,7.934366559485532544e-02
1.666666666666666785e+01,7.935929260450166889e-02
1.669999999999999929e+01,7.974816720257206504e-02
1.673333333333333428e+01,8.070437299035382317e-02
1.676666666666666572e+01,8.101646302250789522e-02
1.680000000000000071e+01,8.108430868167200434e-02
1.683333333333333215e+01,8.155408360128632572e-02
1.686666666666666714e+01,8.203807073954973161e-02
1.689999999999999858e+01,8.246398713826337545e-02
1.693333333333333357e+01,8.279446945337638752e-02
1.696666666666666501e+01,8.338790996784554987e-02
1.700000000000000000e+01,8.356655948553058655e-02
1.703333333333333499e+01,8.359196141479115216e-02
1.706666666666666643e+01,8.490405144694514183e-02
1.710000000000000142e+01,8.483755627009662015e-02
1.713333333333333286e+01,8.558996784565908733e-02
1.716666666666666785e+01,8.585980707395503286e-02
1.719999999999999929e+01,8.600836012861780289e-02
1.723333333333333428e+01,8.736655948553069539e-02
1.726666666666666572e+01,8.734237942122240195e-02
1.730000000000000071e+01,8.775755627009614035e-02
1.733333333333333215e+01,8.899967845659165211e-02
1.736666666666666714e+01,8.988141479099648334e-02
1.739999999999999858e+01,9.004327974276579716e-02
1.743333333333333357e+01,9.115395498392256379e-02
1.746666666666666501e+01,9.194315112540209223e-02
1.750000000000000000e+01,9.274771704180047316e-02
1.753333333333333499e+01,9.281627009646341298e-02
1.756666666666666643e+01,9.444649517684876316e-02
1.760000000000000142e+01,9.470739549839209126e-02
1.763333333333333286e+01,9.590225080385894607e-02
1.766666666666666785e+01,9.662083601286219903e-02
1.769999999999999929e+01,9.740237942122191572e-02
1.773333333333333428e+01,9.784276527331174644e-02
1.776666666666666572e+01,9.919196141479137696e-02
1.780000000000000071e+01,1.004159485530548013e-01
1.783333333333333215e+01,1.015077170418002550e-01
1.786666666666666714e+01,1.024610932475881059e-01
1.789999999999999858e+01,1.042610932475881158e-01
1.793333333333333357e+01,1.051496463022505018e-01
1.796666666666666501e+01,1.057806430868167558e-01
1.800000000000000000e+01,1.066506752411571918e-01
1.803333333333333499e+01,1.071024437299035320e-01
1.806666666666666643e+01,1.083627009646304512e-01
1.810000000000000142e+01,1.087543408360131664e-01
1.813333333333333286e+01,1.098702893890675797e-01
1.816666666666666785e+01,1.098347266881025130e-01
1.819999999999999929e+01,1.105226366559488860e-01
1.823333333333333428e+01,1.115607717041799674e-01
1.826666666666666572e+01,1.126678456591641425e-01
1.830000000000000071e+01,1.140356913183283583e-01
1.833333333333333215e+01,1.143271382636656952e-01
1.836666666666666714e+01,1.157061093247584993e-01
1.839999999999999858e+01,1.164254662379420324e-01
1.843333333333333357e+01,1.169873311897106083e-01
1.846666666666666501e+01,1.181284887459808364e-01
1.850000000000000000e+01,1.183922829581995212e-01
1.853333333333333499e+01,1.195443086816720263e-01
1.856666666666666643e+01,1.204109967845661822e-01
1.860000000000000142e+01,1.207520900321547574e-01
1.863333333333333286e+01,1.220614790996786825e-01
1.866666666666666785e+01,1.221073954983920296e-01
1.869999999999999929e+01,1.227554340836015251e-01
1.873333333333333428e+01,1.242730546623794369e-01
1.876666666666666572e+01,1.244605787781349754e-01
1.880000000000000071e+01,1.250476527331189636e-01
1.883333333333333215e+01,1.259831511254014547e-01
1.886666666666666714e+01,1.259539549839226447e-01
1.889999999999999858e+01,1.268035369774922483e-01
1.893333333333333357e+01,1.278598070739551673e-01
1.896666666666666501e+01,1.281790353697747076e-01
1.900000000000000000e+01,1.284769131832798339e-01
1.903333333333333499e+01,1.294306109324759868e-01
1.906666666666666643e+01,1.296335691318329930e-01
1.910000000000000142e+01,1.306025080385849468e-01
1.913333333333333286e+01,1.318261093247589111e-01
1.916666666666666785e+01,1.318445016077167686e-01
1.919999999999999929e+01,1.335254019292603511e-01
1.923333333333333428e+01,1.337725401929263647e-01
1.926666666666666572e+01,1.347909324758842786e-01
1.930000000000000071e+01,1.349276527331189357e-01
1.933333333333333215e+01,1.354054662379420293e-01
1.936666666666666714e+01,1.362338906752416090e-01
1.939999999999999858e+01,1.362935048231516677e-01
1.943333333333333357e+01,1.372131189710610877e-01
1.946666666666666501e+01,1.378960771704183519e-01
1.950000000000000000e+01,1.381822508038587083e-01
1.953333333333333499e+01,1.387482958199352800e-01
1.956666666666666643e+01,1.395207717041800077e-01
1.960000000000000142e+01,1.401015434083598687e-01
1.963333333333333286e+01,1.411870096463020141e-01
1.966666666666666785e+01,1.418225080385849546e-01
1.969999999999999929e+01,1.426358199356913270e-01
1.973333333333333428e+01,1.433398713826364301e-01
1.976666666666666572e+01,1.436456591639869163e-01
1.980000000000000071e+01,1.445583279742761462e-01
1.983333333333333215e+01,1.448890032154344365e-01
1.986666666666666714e+01,1.451847588424438618e-01
1.989999999999999858e+01,1.452583922829581153e-01
1.993333333333333357e+01,1.458890675241152624e-01
1.996666666666666501e+01,1.465151125401929766e-01
2.000000000000000000e+01,1.467513826366562968e-01
2.003333333333333499e+01,1.478946623794215876e-01
2.006666666666666643e+01,1.472199356913183321e-01
2.010000000000000142e+01,1.474771704180065923e-01
2.013333333333333286e+01,1.486101607717042195e-01
2.016666666666666785e+01,1.492634083601283024e-01
2.019999999999999929e+01,1.496980707395499655e-01
2.023333333333333428e+01,1.506720257234724636e-01
2.026666666666666572e+01,1.513391639871385363e-01
2.030000000000000071e+01,1.522962700964631821e-01
2.033333333333333215e+01,1.525767202572344272e-01
2.036666666666666714e+01,1.536691961414787255e-01
2.039999999999999858e+01,1.539655948553053932e-01
2.043333333333333357e+01,1.544342765273314100e-01
2.046666666666666501e+01,1.551438585208999299e-01
2.050000000000000000e+01,1.552987138263667022e-01
2.053333333333333499e+01,1.561995498392284853e-01
2.056666666666666643e+01,1.565041800643085512e-01
2.060000000000000142e+01,1.567499035369772642e-01
2.063333333333333286e+01,1.571672025723477861e-01
2.066666666666666785e+01,1.573627652733116944e-01
2.069999999999999929e+01,1.578145980707394980e-01
2.073333333333333428e+01,1.578795498392283614e-01
2.076666666666666572e+01,1.586980707395495016e-01
2.080000000000000071e+01,1.591153054662380328e-01
2.083333333333333215e+01,1.591710610932473291e-01
2.086666666666666714e+01,1.594090032154339975e-01
2.089999999999999858e+01,1.602843729903536407e-01
2.093333333333333357e+01,1.610976848874596246e-01
2.096666666666666501e+01,1.612977491961418430e-01
2.100000000000000000e+01,1.617680385852089398e-01
2.103333333333333499e+01,1.618167202572346197e-01
2.106666666666666643e+01,1.623753054662380735e-01
2.110000000000000142e+01,1.626723472668807069e-01
2.113333333333333286e+01,1.632356270096461393e-01
2.116666666666666785e+01,1.635227652733120540e-01
2.119999999999999929e+01,1.636135048231513733e-01
2.123333333333333428e+01,1.647565916398712749e-01
2.126666666666666572e+01,1.648371704180064956e-01
2.130000000000000071e+01,1.648194855305468165e-01
2.133333333333333215e+01,1.657691318327975949e-01
2.136666666666666714e+01,1.657442443729904569e-01
2.139999999999999858e+01,1.658501607717044191e-01
2.143333333333333357e+01,1.660508038585209734e-01
2.146666666666666501e+01,1.664450160771706044e-01
2.150000000000000000e+01,1.662105466237944196e-01
2.153333333333333499e+01,1.673295819935694539e-01
2.156666666666666643e+01,1.674769131832802016e-01
2.160000000000000142e+01,1.683049517684885588e-01
2.163333333333333286e+01,1.682884887459803469e-01
2.166666666666666785e+01,1.692401929260450022e-01
2.169999999999999929e+01,1.696825080385851447e-01
2.173333333333333428e+01,1.701495819935687492e-01
2.176666666666666572e+01,1.702656591639869210e-01
2.180000000000000071e+01,1.709489389067527787e-01
2.183333333333333215e+01,1.711385852090033521e-01
2.186666666666666714e+01,1.713810932475881565e-01
2.189999999999999858e+01,1.716037942122187465e-01
2.193333333333333357e+01,1.722641157556272506e-01
2.196666666666666501e+01,1.725704180064309146e-01
2.200000000000000000e+01,1.734120900321542424e-01
2.203333333333333499e+01,1.737072025723474800e-01
2.206666666666666643e+01,1.746537620578781647e-01
2.210000000000000142e+01,1.748613504823151588e-01
2.213333333333333286e+01,1.749909967845662273e-01
2.216666666666666785e+01,1.756377491961418624e-01
2.219999999999999929e+01,1.752780064308684382e-01
2.223333333333333428e+01,1.754210289389066812e-01
2.226666666666666572e+01,1.755520257234730597e-01
2.230000000000000071e+01,1.749876527331190312e-01
2.233333333333333215e+01,1.752594212218648861e-01
2.236666666666666714e+01,1.754533762057879920e-01
2.239999999999999858e+01,1.757385209003218540e-01
2.243333333333333357e+01,1.761766559485533346e-01
2.246666666666666501e+01,1.761636655948552177e-01
2.250000000000000000e+01,1.755704823151123806e-01
2.253333333333333499e+01,1.755221864951772293e-01
2.256666666666666643e+01,1.759646302250808259e-01
2.260000000000000142e+01,1.760508038585213431e-01
2.263333333333333286e+01,1.761264308681670943e-01
2.266666666666666785e+01,1.763507395498390140e-01
2.269999999999999929e+01,1.762780064308680783e-01
2.273333333333333428e+01,1.762111254019295414e-01
2.276666666666666572e+01,1.766000643086819144e-01
2.280000000000000071e+01,1.762734405144692762e-01
2.283333333333333215e+01,1.754242443729902012e-01
2.286666666666666714e+01,1.748223151125405384e-01
2.289999999999999858e+01,1.747909967845659995e-01
2.293333333333333357e+01,1.744107395498397939e-01
2.296666666666666501e+01,1.741414790996785866e-01
2.300000000000000000e+01,1.730144051446947939e-01
2.303333333333333499e+01,1.723985852090031690e-01
2.306666666666666643e+01,1.721601286173633505e-01
2.310000000000000142e+01,1.718197427652736198e-01
2.313333333333333286e+01,1.706167845659161408e-01
2.316666666666666785e+01,1.700164630225082518e-01
2.319999999999999929e+01,1.698329260450157085e-01
2.323333333333333428e+01,1.685855305466236187e-01
2.326666666666666572e+01,1.679729903536977542e-01
2.330000000000000071e+01,1.672919614147913014e-01
2.333333333333333215e+01,1.670387138263660642e-01
2.336666666666666714e+01,1.665088745980704832e-01
2.339999999999999858e+01,1.656244372990355873e-01
2.343333333333333357e+01,1.655581993569129884e-01
2.346666666666666501e+01,1.650172347266878892e-01
2.350000000000000000e+01,1.641600000000004445e-01
2.353333333333333499e+01,1.630780707395501072e-01
2.356666666666666643e+01,1.624814147909966477e-01
2.360000000000000142e+01,1.619818649517688891e-01
2.363333333333333286e+01,1.616799356913187491e-01
2.366666666666666785e+01,1.615820578778139616e-01
2.369999999999999929e+01,1.598745980707399206e-01
2.373333333333333428e+01,1.594800643086817238e-01
2.376666666666666572e+01,1.585807073954986490e-01
2.380000000000000071e+01,1.578801286173631135e-01
2.383333333333333215e+01,1.571408360128619397e-01
2.386666666666666714e+01,1.567796141479104455e-01
2.389999999999999858e+01,1.566379421221864299e-01
2.393333333333333357e+01,1.557632154340840291e-01
2.396666666666666501e+01,1.549427652733117999e-01
2.400000000000000000e+01,1.543910610932477390e-01
2.403333333333333499e+01,1.539772347266878116e-01
2.406666666666666643e+01,1.531831511254018452e-01
2.410000000000000142e+01,1.526294533762058703e-01
2.413333333333333286e+01,1.523021221864951924e-01
2.416666666666666785e+01,1.507597427652735689e-01
2.419999999999999929e+01,1.495753054662376513e-01
2.423333333333333428e+01,1.481927974276526505e-01
2.426666666666666572e+01,1.478369131832796002e-01
2.430000000000000071e+01,1.466767202572346329e-01
2.433333333333333215e+01,1.464604501607714715e-01
2.436666666666666714e+01,1.449628295819935520e-01
2.439999999999999858e+01,1.448889389067525846e-01
2.443333333333333357e+01,1.444222508038587316e-01
2.446666666666666501e+01,1.438717684887458881e-01
2.450000000000000000e+01,1.437790353697749324e-01
2.453333333333333499e+01,1.436580707395497536e-01
2.456666666666666643e+01,1.427623794212215247e-01
2.460000000000000142e+01,1.419915112540197366e-01
2.463333333333333286e+01,1.421405144694530276e-01
2.466666666666666785e+01,1.413689389067523949e-01
2.469999999999999929e+01,1.398486816720257153e-01
2.473333333333333428e+01,1.398954340836016108e-01
2.476666666666666572e+01,1.394180064308679912e-01
2.480000000000000071e+01,1.392260450160775764e-01
2.483333333333333215e+01,1.387295176848876710e-01
2.486666666666666714e+01,1.379884244372994451e-01
2.489999999999999858e+01,1.377628295819936510e-01
2.493333333333333357e+01,1.375917684887457970e-01
2.496666666666666501e+01,1.370236012861735242e-01
2.500000000000000000e+01,1.366016720257237915e-01
2.503333333333333499e+01,1.351849517684886315e-01
2.506666666666666643e+01,1.350254019292607133e-01
2.510000000000000142e+01,1.340025723472665908e-01
2.513333333333333286e+01,1.334315112540189752e-01
2.516666666666666785e+01,1.330189067524115976e-01
2.519999999999999929e+01,1.323241157556268865e-01
2.523333333333333428e+01,1.317780064308679833e-01
2.526666666666666572e+01,1.307562700964631230e-01
2.530000000000000071e+01,1.285768488745981097e-01
2.533333333333333215e+01,1.275178778135047375e-01
2.536666666666666714e+01,1.259653376205787378e-01
2.539999999999999858e+01,1.255967845659165250e-01
2.543333333333333357e+01,1.240304180064310813e-01
2.546666666666666501e+01,1.226386495176852998e-01
2.550000000000000000e+01,1.203230868167199513e-01
2.553333333333333499e+01,1.192218649517680501e-01
2.556666666666666643e+01,1.180357556270092145e-01
2.560000000000000142e+01,1.177337620578780414e-01
2.563333333333333286e+01,1.176967202572345300e-01
2.566666666666666785e+01,1.167809003215433683e-01
2.569999999999999929e+01,1.163909967845654370e-01
2.573333333333333428e+01,1.152953697749196094e-01
2.576666666666666572e+01,1.155905466237942825e-01
2.580000000000000071e+01,1.145755627009647365e-01
2.583333333333333215e+01,1.140370418006430020e-01
2.586666666666666714e+01,1.141322829581990356e-01
2.589999999999999858e+01,1.133254019292604664e-01
2.593333333333333357e+01,1.122769774919614577e-01
2.596666666666666501e+01,1.123713826366562890e-01
2.600000000000000000e+01,1.119906752411574252e-01
2.603333333333333499e+01,1.110574919614147338e-01
2.606666666666666643e+01,1.103020578778138860e-01
2.610000000000000142e+01,1.100232797427651843e-01
2.613333333333333286e+01,1.092819935691319716e-01
2.616666666666666785e+01,1.081313183279742351e-01
2.619999999999999929e+01,1.081236655948552144e-01
2.623333333333333428e+01,1.071439871382636050e-01
2.626666666666666572e+01,1.065617363344048829e-01
2.630000000000000071e+01,1.065578135048233371e-01
2.633333333333333215e+01,1.059549839228295653e-01
2.636666666666666714e+01,1.058367202572347426e-01
2.639999999999999858e+01,1.055627009646303849e-01
2.643333333333333357e+01,1.050515112540192642e-01
2.646666666666666501e+01,1.038152411575561651e-01
2.650000000000000000e+01,1.036177491961416675e-01
2.653333333333333499e+01,1.022525401929259420e-01
2.656666666666666643e+01,1.018533762057880349e-01
2.660000000000000142e+01,1.008457877813507958e-01
2.663333333333333286e+01,9.941845659163942028e-02
2.666666666666666785e+01,9.845401929260443052e-02
2.669999999999999929e+01,9.823382636655970945e-02
2.673333333333333428e+01,9.702803858520887836e-02
2.676666666666666572e+01,9.634090032154359051e-02
2.680000000000000071e+01,9.602411575562715129e-02
2.683333333333333215e+01,9.435061093247626429e-02
2.686666666666666714e+01,9.415562700964644205e-02
2.689999999999999858e+01,9.386816720257237789e-02
2.693333333333333357e+01,9.321652733118990231e-02
2.696666666666666501e+01,9.236655948553094964e-02
2.700000000000000000e+01,9.207331189710632469e-02
2.703333333333333499e+01,9.058778135048216329e-02
2.706666666666666643e+01,9.050610932475834647e-02
2.710000000000000142e+01,8.972868167202611989e-02
2.713333333333333286e+01,8.988990353697765001e-02
2.716666666666666785e+01,8.892135048231517014e-02
2.719999999999999929e+01,8.876045016077180327e-02
2.723333333333333428e+01,8.852752411575567915e-02
2.726666666666666572e+01,8.778604501607692456e-02
2.730000000000000071e+01,8.745787781350516932e-02
2.733333333333333215e+01,8.746122186495197681e-02
2.736666666666666714e+01,8.727260450160745364e-02
2.739999999999999858e+01,8.649286173633477515e-02
2.743333333333333357e+01,8.615112540192974844e-02
2.746666666666666501e+01,8.584919614147921985e-02
2.750000000000000000e+01,8.552874598070728251e-02
2.753333333333333499e+01,8.546045016077184753e-02
2.756666666666666643e+01,8.449762057877795163e-02
2.760000000000000142e+01,8.357717041800626079e-02
2.763333333333333286e+01,8.338810289389121666e-02
2.766666666666666785e+01,8.243041800643115258e-02
2.769999999999999929e+01,8.194790996784541426e-02
2.773333333333333428e+01,8.095717041800613856e-02
2.776666666666666572e+01,8.060733118971076527e-02
2.780000000000000071e+01,7.935067524115749227e-02
2.783333333333333215e+01,7.912906752411588696e-02
2.786666666666666714e+01,7.842745980707402365e-02
2.789999999999999858e+01,7.683858520900321842e-02
2.793333333333333357e+01,7.638167202572372638e-02
2.796666666666666501e+01,7.626861736334430986e-02
2.800000000000000000e+01,7.526945337620598309e-02
2.803333333333333499e+01,7.468096463022537435e-02
2.806666666666666643e+01,7.355556270096451355e-02
2.810000000000000142e+01,7.227331189710607673e-02
2.813333333333333286e+01,7.195498392283011801e-02
2.816666666666666785e+01,7.080469453376173061e-02
2.819999999999999929e+01,6.988147909967865057e-02
2.823333333333333428e+01,6.894360128617373074e-02
2.826666666666666572e+01,6.842855305466223614e-02
2.830000000000000071e+01,6.711511254019253414e-02
2.833333333333333215e+01,6.566906752411552639e-02
2.836666666666666714e+01,6.493093247588437034e-02
2.839999999999999858e+01,6.421350482315127395e-02
2.843333333333333357e+01,6.302334405144720264e-02
2.846666666666666501e+01,6.274160771704156980e-02
2.850000000000000000e+01,6.167221864951818316e-02
2.853333333333333499e+01,6.030192926044994350e-02
2.856666666666666643e+01,5.965176848874633592e-02
2.860000000000000142e+01,5.798045016077142677e-02
2.863333333333333286e+01,5.606508038585206882e-02
2.866666666666666785e+01,5.496096463022535211e-02
2.869999999999999929e+01,5.297459807073957166e-02
2.873333333333333428e+01,5.166495176848853038e-02
2.876666666666666572e+01,5.060006430868143473e-02
2.880000000000000071e+01,4.928128617363370517e-02
2.883333333333333215e+01,4.794810289389043328e-02
2.886666666666666714e+01,4.654019292604526237e-02
2.889999999999999858e+01,4.579575562700971547e-02
2.893333333333333357e+01,4.419376205787763079e-02
2.896666666666666501e+01,4.375446945337638227e-02
2.900000000000000000e+01,4.212263665594861289e-02
2.903333333333333499e+01,4.064623794212194469e-02
2.906666666666666643e+01,3.933318327974278522e-02
2.910000000000000142e+01,3.868263665594863510e-02
2.913333333333333286e+01,3.736167202572333174e-02
2.916666666666666785e+01,3.699131832797449698e-02
2.919999999999999929e+01,3.594771704180048377e-02
2.923333333333333428e+01,3.541787781350477782e-02
2.926666666666666572e+01,3.499729903536968889e-02
2.930000000000000071e+01,3.366135048231530535e-02
2.933333333333333215e+01,3.346482315112570688e-02
2.936666666666666714e+01,3.300688102893920006e-02
2.939999999999999858e+01,3.158951768488717921e-02
2.943333333333333357e+01,3.074533762057863814e-02
2.946666666666666501e+01,3.020803858520890520e-02
2.950000000000000000e+01,2.996501607717080157e-02
2.953333333333333499e+01,2.840289389067533407e-02
2.956666666666666643e+01,2.735614147909952790e-02
2.960000000000000142e+01,2.658520900321549585e-02
2.963333333333333286e+01,2.527665594855304024e-02
2.966666666666666785e+01,2.417273311897092866e-02
2.969999999999999929e+01,2.328289389067508125e-02
2.973333333333333428e+01,2.266906752411615433e-02
2.976666666666666572e+01,2.120012861736350618e-02
2.980000000000000071e+01,1.969324758842402878e-02
2.983333333333333215e+01,1.924938906752436327e-02
2.986666666666666714e+01,1.824977491961405837e-02
2.989999999999999858e+01,1.653459807073979701e-02
2.993333333333333357e+01,1.599401929260458113e-02
2.996666666666666501e+01,1.468025723472671587e-02
3.000000000000000000e+01,1.386971061093225308e-02
3.003333333333333499e+01,1.233215434083588698e-02
3.006666666666666643e+01,1.156135048231488396e-02
3.010000000000000142e+01,1.064411575562723873e-02
3.013333333333333286e+01,9.499678456591515580e-03
3.016666666666666785e+01,9.319356913183415164e-03
3.019999999999999929e+01,7.947524115755270901e-03
3.023333333333333428e+01,7.105273311897183051e-03
3.026666666666666572e+01,6.709967845659372231e-03
3.030000000000000071e+01,5.172861736334728386e-03
3.033333333333333215e+01,4.064951768488690026e-03
3.036666666666666714e+01,3.531832797427891454e-03
3.039999999999999858e+01,2.640321543408446440e-03
3.043333333333333357e+01,1.952733118971173090e-03
3.046666666666666501e+01,1.450803858520830240e-03
3.050000000000000000e+01,4.279742765277918409e-04
3.053333333333333499e+01,2.556270096464844819e-04
3.056666666666666643e+01,-1.162700964630034939e-03
3.060000000000000142e+01,-9.969774919611482707e-04
3.063333333333333286e+01,-1.723472668810014730e-03
3.066666666666666785e+01,-2.366237942121847751e-03
3.069999999999999929e+01,-2.480900321543017331e-03
3.073333333333333428e+01,-2.578585209003332861e-03
3.076666666666666572e+01,-2.952861736334249851e-03
3.080000000000000071e+01,-3.325401929260652333e-03
3.083333333333333215e+01,-4.143601286173343931e-03
3.086666666666666714e+01,-4.710225080385856133e-03
3.089999999999999858e+01,-5.206430868167091774e-03
3.093333333333333357e+01,-5.566559485530386299e-03
3.096666666666666501e+01,-5.617813504822975236e-03
3.100000000000000000e+01,-5.937234726687785034e-03
3.103333333333333499e+01,-6.652926045015829584e-03
3.106666666666666643e+01,-7.118906752411502392e-03
3.110000000000000142e+01,-8.075884244372739246e-03
3.113333333333333286e+01,-7.272218649517281537e-03
3.116666666666666785e+01,-7.197234726687991302e-03
3.119999999999999929e+01,-8.119228295819850422e-03
3.123333333333333428e+01,-7.629260450160360064e-03
3.126666666666666572e+01,-7.540514469453325069e-03
3.130000000000000071e+01,-7.467138263665125224e-03
3.133333333333333215e+01,-7.456270096462989591e-03
3.136666666666666714e+01,-7.351061093247339417e-03
3.139999999999999858e+01,-7.333633440514761813e-03
3.143333333333333357e+01,-7.472797427652918927e-03
3.146666666666666501e+01,-7.437942122186301346e-03
3.150000000000000000e+01,-7.405016077170399787e-03
3.153333333333333499e+01,-7.392604501607558110e-03
3.156666666666666643e+01,-7.510868167202512657e-03
3.160000000000000142e+01,-7.436270096462966987e-03
3.163333333333333286e+01,-7.536977491961519525e-03
3.166666666666666785e+01,-7.463665594854765675e-03
3.169999999999999929e+01,-7.445401929260454972e-03
3.173333333333333428e+01,-6.941607717041906565e-03
3.176666666666666572e+01,-6.628938906752012035e-03
3.180000000000000071e+01,-6.207909967845603311e-03
3.183333333333333215e+01,-5.753247588424055536e-03
3.186666666666666714e+01,-5.748681672025910024e-03
3.189999999999999858e+01,-5.788874598070693073e-03
3.193333333333333357e+01,-5.528102893890382737e-03
3.196666666666666501e+01,-5.377299035369937329e-03
3.200000000000000000e+01,-5.054983922829518403e-03
3.203333333333333144e+01,-4.810160771703988862e-03
3.206666666666666998e+01,-4.312990353697860983e-03
3.210000000000000142e+01,-3.607073954983898954e-03
3.213333333333333286e+01,-3.186302250803942516e-03
3.216666666666666430e+01,-3.049646302251119139e-03
3.220000000000000284e+01,-2.741221864951870826e-03
3.223333333333333428e+01,-2.698713826366892169e-03
3.226666666666666572e+01,-2.145852090032257433e-03
3.229999999999999716e+01,-2.075241157556640282e-03
3.233333333333333570e+01,-1.544887459806962033e-03
3.236666666666666714e+01,-1.549581993568931951e-03
3.239999999999999858e+01,-9.079099678458160076e-04
3.243333333333333002e+01,-4.926045016075838133e-04
3.246666666666666856e+01,6.627009646302758385e-04
3.250000000000000000e+01,1.628295819935697553e-03
3.253333333333333144e+01,3.195048231511552796e-03
3.256666666666666998e+01,4.167588424437294187e-03
3.260000000000000142e+01,5.768295819935789076e-03
3.263333333333333286e+01,6.927974276527586357e-03
3.266666666666666430e+01,8.276012861736388102e-03
3.270000000000000284e+01,9.068553054662592192e-03
3.273333333333333428e+01,1.010771704180068835e-02
3.276666666666666572e+01,1.191305466237913002e-02
3.279999999999999716e+01,1.313479099678460660e-02
3.283333333333333570e+01,1.442803858520901213e-02
3.286666666666666714e+01,1.585305466237939970e-02
3.289999999999999858e+01,1.687768488745946052e-02
3.293333333333333002e+01,1.889003215434069058e-02
3.296666666666666856e+01,2.025189710610948365e-02
3.300000000000000000e+01,2.233633440514465676e-02
3.303333333333333144e+01,2.401350482315130208e-02
3.306666666666666998e+01,2.557794212218656230e-02
3.310000000000000142e+01,2.689350482315118820e-02
3.313333333333333286e+01,2.876090032154357198e-02
3.316666666666666430e+01,2.979697749196171669e-02
3.320000000000000284e+01,3.052514469453391707e-02
3.323333333333333428e+01,3.187742765273336720e-02
3.326666666666666572e+01,3.299549839228349546e-02
3.329999999999999716e+01,3.451170418006453688e-02
3.333333333333333570e+01,3.530308681672044563e-02
3.336666666666666714e+01,3.637170418006435008e-02
3.339999999999999858e+01,3.687601286173673720e-02
3.343333333333333002e+01,3.830327974276533792e-02
3.346666666666666856e+01,3.927652733118978251e-02
3.350000000000000000e+01,3.968926045016070436e-02
3.353333333333333144e+01,4.005672025723499424e-02
3.356666666666666998e+01,4.170585209003204591e-02
3.360000000000000142e+01,4.223684887459779047e-02
3.363333333333333286e+01,4.277942122186464274e-02
3.366666666666666430e+01,4.389273311897095436e-02
3.370000000000000284e+01,4.461646302250777546e-02
3.373333333333333428e+01,4.587472668810280152e-02
3.376666666666666572e+01,4.637324758842423233e-02
3.379999999999999716e+01,4.686913183279729778e-02
3.383333333333333570e+01,4.792926045016057679e-02
3.386666666666666714e+01,4.808803858520940833e-02
3.389999999999999858e+01,4.916913183279746774e-02
3.393333333333333002e+01,4.934565916398717805e-02
3.396666666666666856e+01,5.016598070739598791e-02
3.400000000000000000e+01,5.054392282958160981e-02
3.403333333333333144e+01,5.130032154340787021e-02
3.406666666666666998e+01,5.197183279742800116e-02
3.410000000000000142e+01,5.266926045016107061e-02
3.413333333333333286e+01,5.354881028938952847e-02
3.416666666666666430e+01,5.436945337620557872e-02
3.420000000000000284e+01,5.499974276527339057e-02
3.423333333333333428e+01,5.631588424437289353e-02
3.426666666666666572e+01,5.685762057877827291e-02
3.429999999999999716e+01,5.756109324758861695e-02
3.433333333333333570e+01,5.819929260450150410e-02
3.436666666666666714e+01,5.947106109324756112e-02
3.439999999999999858e+01,5.998199356913182928e-02
3.443333333333333002e+01,6.160508038585212759e-02
3.446666666666666856e+01,6.195048231511238179e-02
3.450000000000000000e+01,6.216951768488773733e-02
3.453333333333333144e+01,6.257864951768486728e-02
3.456666666666666998e+01,6.325459807073971485e-02
3.460000000000000142e+01,6.508790996784603877e-02
3.463333333333333286e+01,6.576765273311914461e-02
3.466666666666666430e+01,6.700257234726696154e-02
3.470000000000000284e+01,6.795530546623754220e-02
3.473333333333333428e+01,6.865768488745943587e-02
3.476666666666666572e+01,6.877440514469448929e-02
3.479999999999999716e+01,6.994932475884275969e-02
3.483333333333333570e+01,7.095228295819892839e-02
3.486666666666666714e+01,7.098488745980692516e-02
3.489999999999999858e+01,7.204263665594856647e-02
3.493333333333333002e+01,7.280122186495173453e-02
3.496666666666666856e+01,7.368160771704192202e-02
3.500000000000000000e+01,7.443395498392281484e-02
3.503333333333333144e+01,7.487839228295802008e-02
3.506666666666666998e+01,7.550739549839224907e-02
3.510000000000000142e+01,7.599080385852102770e-02
3.513333333333333286e+01,7.616463022508027092e-02
3.516666666666666430e+01,7.720051446945340456e-02
3.520000000000000284e+01,7.716790996784540779e-02
3.523333333333333428e+01,7.760790996784588947e-02
3.526666666666666572e+01,7.785356913183302807e-02
3.529999999999999716e+01,7.840257234726688562e-02
3.533333333333333570e+01,7.949067524115750738e-02
3.536666666666666714e+01,8.047749196141483485e-02
3.539999999999999858e+01,8.081993569131830368e-02
3.543333333333333002e+01,8.111877813504821122e-02
3.546666666666666856e+01,8.149176848874553625e-02
3.550000000000000000e+01,8.161086816720235226e-02
3.553333333333333144e+01,8.238109324758860486e-02
3.556666666666666998e+01,8.343536977491962381e-02
3.560000000000000142e+01,8.337717041800644935e-02
3.563333333333333286e+01,8.391839228295852604e-02
3.566666666666666430e+01,8.534115755627015576e-02
3.570000000000000284e+01,8.623620578778114221e-02
3.573333333333333428e+01,8.733466237942112687e-02
3.576666666666666572e+01,8.787138263665625337e-02
3.579999999999999716e+01,8.860964630225109939e-02
3.583333333333333570e+01,8.895176848874640496e-02
3.586666666666666714e+01,9.026932475884212603e-02
3.589999999999999858e+01,9.092681672025725026e-02
3.593333333333333002e+01,9.115511254019298404e-02
3.596666666666666856e+01,9.216443729903500692e-02
3.600000000000000000e+01,9.266199356913167040e-02
3.603333333333333144e+01,9.367421221864968839e-02
3.606666666666666998e+01,9.444926045016054095e-02
3.610000000000000142e+01,9.452012861736340532e-02
3.613333333333333286e+01,9.539196141479086566e-02
3.616666666666666430e+01,9.586366559485551275e-02
3.620000000000000284e+01,9.610315112540221416e-02
3.623333333333333428e+01,9.726906752411575152e-02
3.626666666666666572e+01,9.770675241157551760e-02
3.629999999999999716e+01,9.827446945337621476e-02
3.633333333333333570e+01,9.979176848874583838e-02
3.636666666666666714e+01,1.004030225080385225e-01
3.639999999999999858e+01,1.021093247588420183e-01
3.643333333333333002e+01,1.026055305466236495e-01
3.646666666666666856e+01,1.040456591639876138e-01
3.650000000000000000e+01,1.041824437299041228e-01
3.653333333333333144e+01,1.051826366559486525e-01
3.656666666666666998e+01,1.062379421221864018e-01
3.660000000000000142e+01,1.062962700964630025e-01
3.663333333333333286e+01,1.076242443729903270e-01
3.666666666666666430e+01,1.077949839228294904e-01
3.670000000000000284e+01,1.081796784565916131e-01
3.673333333333333428e+01,1.096504823151127350e-01
3.676666666666666572e+01,1.109290675241156737e-01
3.679999999999999716e+01,1.118376848874595431e-01
3.683333333333333570e+01,1.120034726688102639e-01
3.686666666666666714e+01,1.131180707395497836e-01
3.689999999999999858e+01,1.130281672025723189e-01
3.693333333333333002e+01,1.140722186495176510e-01
3.696666666666666856e+01,1.142585209003215696e-01
3.700000000000000000e+01,1.152818649517681759e-01
3.703333333333333144e+01,1.158610932475886701e-01
3.706666666666666998e+01,1.163178778135047498e-01
3.710000000000000142e+01,1.170572347266885804e-01
3.713333333333333286e+01,1.171406430868167786e-01
3.716666666666666430e+01,1.176158199356913819e-01
3.720000000000000284e+01,1.189677170418006885e-01
3.723333333333333428e+01,1.192186495176849464e-01
3.726666666666666572e+01,1.196371704180069495e-01
3.729999999999999716e+01,1.203007717041801317e-01
3.733333333333333570e+01,1.214191639871381734e-01
3.736666666666666714e+01,1.227257877813509729e-01
3.739999999999999858e+01,1.229115755627014639e-01
3.743333333333333002e+01,1.234348553054662040e-01
3.746666666666666856e+01,1.242133762057878038e-01
3.750000000000000000e+01,1.243578135048233474e-01
3.753333333333333144e+01,1.248662379421221491e-01
3.756666666666666998e+01,1.256156913183282264e-01
3.760000000000000142e+01,1.265940192926048036e-01
3.763333333333333286e+01,1.268212218649515388e-01
3.766666666666666430e+01,1.272720257234725982e-01
3.770000000000000284e+01,1.274714469453375187e-01
3.773333333333333428e+01,1.277363987138262491e-01
3.776666666666666572e+01,1.281046945337623866e-01
3.779999999999999716e+01,1.290524758842442887e-01
3.783333333333333570e+01,1.298260450160776125e-01
3.786666666666666714e+01,1.308653376205787533e-01
3.789999999999999858e+01,1.319202572347267510e-01
3.793333333333333002e+01,1.320572990353695852e-01
3.796666666666666856e+01,1.325328617363340789e-01
3.800000000000000000e+01,1.334007073954983913e-01
3.803333333333333144e+01,1.336237942122183164e-01
3.806666666666666998e+01,1.339866881028937973e-01
3.810000000000000142e+01,1.348872668810292830e-01
3.813333333333333286e+01,1.348088102893893747e-01
3.816666666666666430e+01,1.352213504823148726e-01
3.820000000000000284e+01,1.365872668810290402e-01
3.823333333333333428e+01,1.366144051446945284e-01
3.826666666666666572e+01,1.373270096463023726e-01
3.829999999999999716e+01,1.373666237942125223e-01
3.833333333333333570e+01,1.377578135048231067e-01
3.836666666666666714e+01,1.376877813504821246e-01
3.839999999999999858e+01,1.390998070739550563e-01
3.843333333333333002e+01,1.394353697749197707e-01
3.846666666666666856e+01,1.407450803858519839e-01
3.850000000000000000e+01,1.415196784565915245e-01
3.853333333333333144e+01,1.420771061093251131e-01
3.856666666666666998e+01,1.432768488745982671e-01
3.860000000000000142e+01,1.440386495176853299e-01
3.863333333333333286e+01,1.442672025723471252e-01
3.866666666666666430e+01,1.448041800643085630e-01
3.870000000000000284e+01,1.448389710610934467e-01
3.873333333333333428e+01,1.451863665594852193e-01
3.876666666666666572e+01,1.459751768488745938e-01
3.879999999999999716e+01,1.461288102893894825e-01
3.883333333333333570e+01,1.471843086816723711e-01
3.886666666666666714e+01,1.478437299035371688e-01
3.889999999999999858e+01,1.480007717041800230e-01
3.893333333333333002e+01,1.489446302250803655e-01
3.896666666666666856e+01,1.498287459807072508e-01
3.900000000000000000e+01,1.498390996784565998e-01
3.903333333333333144e+01,1.506486816720259136e-01
3.906666666666666998e+01,1.512892604501605842e-01
3.910000000000000142e+01,1.516168488745976983e-01
3.913333333333333286e+01,1.519998070739549123e-01
3.916666666666666430e+01,1.527922829581995490e-01
3.920000000000000284e+01,1.535968488745983185e-01
3.923333333333333428e+01,1.542771704180063153e-01
3.926666666666666572e+01,1.544679742765273367e-01
3.929999999999999716e+01,1.555978135048233235e-01
3.933333333333333570e+01,1.554800643086819145e-01
3.936666666666666714e+01,1.554452090032153178e-01
3.939999999999999858e+01,1.566219935691321730e-01
3.943333333333333002e+01,1.570398713826365311e-01
3.946666666666666856e+01,1.571337620578779348e-01
3.950000000000000000e+01,1.576101607717041442e-01
3.953333333333333144e+01,1.587606430868163387e-01
3.956666666666666998e+01,1.597103536977493576e-01
3.960000000000000142e+01,1.596598070739548014e-01
3.963333333333333286e+01,1.602461093247589119e-01
3.966666666666666430e+01,1.608376848874602805e-01
3.970000000000000284e+01,1.616996141479104809e-01
3.973333333333333428e+01,1.617095176848878657e-01
3.976666666666666572e+01,1.624455948553057971e-01
3.979999999999999716e+01,1.628804501607719335e-01
3.983333333333333570e+01,1.630758842443729428e-01
3.986666666666666714e+01,1.621675884244374033e-01
3.989999999999999858e+01,1.632923472668809939e-01
3.993333333333333002e+01,1.643900964630229389e-01
3.996666666666666856e+01,1.644618649517681774e-01
4.000000000000000000e+01,1.650261093247589184e-01
4.003333333333333144e+01,1.649948553054659539e-01
4.006666666666666998e+01,1.661084244372993957e-01
4.010000000000000142e+01,1.659735048231510690e-01
4.013333333333333286e+01,1.660972990353697387e-01
4.016666666666666430e+01,1.668310610932472182e-01
4.020000000000000284e+01,1.677998713826369392e-01
4.023333333333333428e+01,1.676064308681671777e-01
4.026666666666666572e+01,1.680847588424434491e-01
4.029999999999999716e+01,1.692823151125398273e-01
4.033333333333333570e+01,1.693470096463022545e-01
4.036666666666666714e+01,1.704318971061093702e-01
4.039999999999999858e+01,1.709720257234728646e-01
4.043333333333333002e+01,1.709657234726688901e-01
4.046666666666666856e+01,1.713921543408363779e-01
4.050000000000000000e+01,1.719813504823152761e-01
4.053333333333333144e+01,1.724436012861732259e-01
4.056666666666666998e+01,1.722789710610935776e-01
4.060000000000000142e+01,1.727919614147909178e-01
4.063333333333333286e+01,1.732623794212218571e-01
4.066666666666666430e+01,1.741356913183284283e-01
4.070000000000000284e+01,1.745252090032154146e-01
4.073333333333333428e+01,1.744807073954988130e-01
4.076666666666666572e+01,1.746753697749191536e-01
4.079999999999999716e+01,1.754922186495177228e-01
4.083333333333333570e+01,1.758190996784570748e-01
4.086666666666666714e+01,1.761792282958195843e-01
4.089999999999999858e+01,1.772604501607714655e-01
4.093333333333333002e+01,1.781318327974277249e-01
4.096666666666666856e+01,1.783282958199361445e-01
4.100000000000000000e+01,1.792414147909965616e-01
4.103333333333333144e+01,1.795247588424435659e-01
4.106666666666666998e+01,1.795369774919619299e-01
4.110000000000000142e+01,1.799331189710607903e-01
4.113333333333333286e+01,1.810135048231512056e-01
4.116666666666666430e+01,1.808787138263666106e-01
4.120000000000000284e+01,1.809605787781350394e-01
4.123333333333333428e+01,1.815937620578780554e-01
4.126666666666666572e+01,1.822355627009649981e-01
4.129999999999999716e+01,1.827539549839230226e-01
4.133333333333333570e+01,1.830768488745985745e-01
4.136666666666666714e+01,1.834825723472665315e-01
4.139999999999999858e+01,1.839923472668811844e-01
4.143333333333333002e+01,1.837886173633442866e-01
4.146666666666666856e+01,1.840363987138267376e-01
4.150000000000000000e+01,1.850375562700962706e-01
4.153333333333333144e+01,1.844810289389064162e-01
4.156666666666666998e+01,1.854579421221868862e-01
4.160000000000000142e+01,1.856643086816718857e-01
4.163333333333333286e+01,1.866483601286174354e-01
4.166666666666666430e+01,1.872569131832801659e-01
4.170000000000000284e+01,1.874810289389072238e-01
4.173333333333333428e+01,1.887448231511255625e-01
4.176666666666666572e+01,1.888098392282956395e-01
4.179999999999999716e+01,1.895477170418007340e-01
4.183333333333333570e+01,1.906010289389068468e-01
4.186666666666666714e+01,1.907469453376211266e-01
4.189999999999999858e+01,1.912111897106105463e-01
4.193333333333333002e+01,1.918403215434083264e-01
4.196666666666666856e+01,1.926039871382634883e-01
4.200000000000000000e+01,1.933061736334401037e-01
4.203333333333333144e+01,1.935324758842441872e-01
4.206666666666666998e+01,1.947271382636657777e-01
4.210000000000000142e+01,1.949596141479102984e-01
4.213333333333333286e+01,1.955252733118975350e-01
4.216666666666666430e+01,1.966361414790995521e-01
4.220000000000000284e+01,1.968212218649518785e-01
4.223333333333333428e+01,1.984113183279742898e-01
4.226666666666666572e+01,1.990812861736334372e-01
4.229999999999999716e+01,2.001971704180066647e-01
4.233333333333333570e+01,2.008466881028936890e-01
4.236666666666666714e+01,2.013455948553057873e-01
4.239999999999999858e+01,2.021398070739552078e-01
4.243333333333333002e+01,2.028891961414792944e-01
4.246666666666666856e+01,2.033431511254016055e-01
4.250000000000000000e+01,2.043050160771702206e-01
4.253333333333333144e+01,2.051172990353697378e-01
4.256666666666666998e+01,2.066046302250802436e-01
4.260000000000000142e+01,2.073933118971058032e-01
4.263333333333333286e+01,2.083713183279744807e-01
4.266666666666666430e+01,2.092369131832797768e-01
4.270000000000000284e+01,2.101823794212217544e-01
4.273333333333333428e+01,2.114461736334406206e-01
4.276666666666666572e+01,2.122626366559482725e-01
4.279999999999999716e+01,2.130841157556271070e-01
4.283333333333333570e+01,2.134889389067523013e-01
4.286666666666666714e+01,2.148423151125403163e-01
4.289999999999999858e+01,2.157327974276530280e-01
4.293333333333333002e+01,2.163727974276529464e-01
4.296666666666666856e+01,2.174924758842445571e-01
4.300000000000000000e+01,2.178488745980706465e-01
4.303333333333333144e+01,2.180913183279744039e-01
4.306666666666666998e+01,2.185416077170420079e-01
4.310000000000000142e+01,2.201290032154339382e-01
4.313333333333333286e+01,2.201462379421223192e-01
4.316666666666666430e+01,2.204713826366559715e-01
4.320000000000000284e+01,2.211108681672024623e-01
4.323333333333333428e+01,2.225777491961416221e-01
4.326666666666666572e+01,2.228456591639871309e-01
4.329999999999999716e+01,2.231086173633441971e-01
4.333333333333333570e+01,2.235197427652729774e-01
4.336666666666666714e+01,2.244226366559482488e-01
4.339999999999999858e+01,2.249809003215434422e-01
4.343333333333333002e+01,2.257342122186493383e-01
4.346666666666666856e+01,2.257600000000001828e-01
4.350000000000000000e+01,2.265768488745983633e-01
4.353333333333333144e+01,2.273106109324758706e-01
4.356666666666666998e+01,2.279428938906750413e-01
4.360000000000000142e+01,2.280858520900322373e-01
4.363333333333333286e+01,2.290932475884247255e-01
4.366666666666666430e+01,2.296015434083597262e-01
4.370000000000000284e+01,2.301558842443730823e-01
4.373333333333333428e+01,2.302424437299033511e-01
4.376666666666666572e+01,2.309511254019291082e-01
4.379999999999999716e+01,2.322061736334403437e-01
4.383333333333333570e+01,2.323113826366558776e-01
4.386666666666666714e+01,2.325443729903537149e-01
4.389999999999999858e+01,2.333637299035370982e-01
4.393333333333333002e+01,2.344694533762060884e-01
4.396666666666666856e+01,2.347554340836011666e-01
4.400000000000000000e+01,2.361213504823149179e-01
4.403333333333333144e+01,2.366531832797426627e-01
4.406666666666666998e+01,2.377581993569133634e-01
4.410000000000000142e+01,2.385432797427656793e-01
4.413333333333333286e+01,2.394214790996787023e-01
4.416666666666666430e+01,2.394329260450158703e-01
4.420000000000000284e+01,2.405209003215435792e-01
4.423333333333333428e+01,2.409985852090032743e-01
4.426666666666666572e+01,2.421491961414795613e-01
4.429999999999999716e+01,2.433549839228297262e-01
4.433333333333333570e+01,2.440427009646304046e-01
4.436666666666666714e+01,2.452128617363340812e-01
4.439999999999999858e+01,2.463806430868162312e-01
4.443333333333333002e+01,2.468128617363345156e-01
4.446666666666666856e+01,2.478495176848874160e-01
4.450000000000000000e+01,2.481879742765270846e-01
4.453333333333333144e+01,2.493551125401934354e-01
4.456666666666666998e+01,2.491348553054664738e-01
4.460000000000000142e+01,2.496536977491962406e-01
4.463333333333333286e+01,2.499470096463022872e-01
4.466666666666666430e+01,2.506786495176851481e-01
4.470000000000000284e+01,2.507412861736333931e-01
4.473333333333333428e+01,2.517311897106109808e-01
4.476666666666666572e+01,2.515242443729902577e-01
4.479999999999999716e+01,2.523162057877815778e-01
4.483333333333333570e+01,2.524810289389067819e-01
4.486666666666666714e+01,2.531416077170417500e-01
4.489999999999999858e+01,2.534185209003216865e-01
4.493333333333333002e+01,2.545591639871383483e-01
4.496666666666666856e+01,2.549996784565914942e-01
4.500000000000000000e+01,2.562500964630226030e-01
4.503333333333333144e+01,2.568671382636654732e-01
4.506666666666666998e+01,2.575517684887460579e-01
4.510000000000000142e+01,2.575047588424438372e-01
4.513333333333333286e+01,2.580504823151127947e-01
4.516666666666666430e+01,2.589902250803857719e-01
4.520000000000000284e+01,2.592009003215436369e-01
4.523333333333333428e+01,2.598046302250804906e-01
4.526666666666666572e+01,2.603585852090030128e-01
4.529999999999999716e+01,2.604596141479098570e-01
4.533333333333333570e+01,2.607990353697752228e-01
4.536666666666666714e+01,2.614697106109329927e-01
4.539999999999999858e+01,2.615559485530546957e-01
4.543333333333333002e+01,2.621751768488747025e-01
4.546666666666666856e+01,2.631517684887456632e-01
4.550000000000000000e+01,2.633209646302249185e-01
4.553333333333333144e+01,2.635769774919617947e-01
4.556666666666666998e+01,2.648170418006427496e-01
4.560000000000000142e+01,2.650544051446941385e-01
4.563333333333333286e+01,2.658542122186490775e-01
4.566666666666666430e+01,2.662364630225080298e-01
4.570000000000000284e+01,2.663670739549838240e-01
4.573333333333333428e+01,2.667601286173632569e-01
4.576666666666666572e+01,2.668261093247585314e-01
4.579999999999999716e+01,2.673102250803854885e-01
4.583333333333333570e+01,2.677598070739547476e-01
4.586666666666666714e+01,2.683012218649515890e-01
4.589999999999999858e+01,2.687041800643086842e-01
4.593333333333333002e+01,2.687913183279746487e-01
4.596666666666666856e+01,2.687452733118972925e-01
4.600000000000000000e+01,2.697089389067522935e-01
4.603333333333333144e+01,2.694474598070740745e-01
4.606666666666666998e+01,2.693823151125400717e-01
4.610000000000000142e+01,2.690233440514467889e-01
4.613333333333333286e+01,2.692800000000005189e-01
4.616666666666666430e+01,2.694956913183280123e-01
4.620000000000000284e+01,2.691124758842447506e-01
4.623333333333333428e+01,2.696690675241161794e-01
4.626666666666666572e+01,2.697167202572347544e-01
4.629999999999999716e+01,2.694819935691322721e-01
4.633333333333333570e+01,2.697185209003213902e-01
4.636666666666666714e+01,2.696796141479099185e-01
4.639999999999999858e+01,2.692960771704180911e-01
4.643333333333333002e+01,2.696509967845658329e-01
4.646666666666666856e+01,2.696438585209002259e-01
4.650000000000000000e+01,2.696783922829584235e-01
4.653333333333333144e+01,2.697094533762057211e-01
4.656666666666666998e+01,2.698442443729907603e-01
4.660000000000000142e+01,2.696003858520898411e-01
4.663333333333333286e+01,2.692943408360128910e-01
4.666666666666666430e+01,2.699922829581992700e-01
4.670000000000000284e+01,2.691599356913184082e-01
4.673333333333333428e+01,2.694517684887461351e-01
4.676666666666666572e+01,2.691620578778130546e-01
4.679999999999999716e+01,2.690190996784563859e-01
4.683333333333333570e+01,2.689162057877817480e-01
4.686666666666666714e+01,2.678730546623793174e-01
4.689999999999999858e+01,2.677836012861732895e-01
4.693333333333333002e+01,2.676115755627008208e-01
4.696666666666666856e+01,2.669238585209001147e-01
4.700000000000000000e+01,2.667042443729908396e-01
4.703333333333333144e+01,2.662904180064309401e-01
4.706666666666666998e+01,2.658592926045020288e-01
4.710000000000000142e+01,2.655189710610929565e-01
4.713333333333333286e+01,2.648704823151130650e-01
4.716666666666666430e+01,2.648160771704176075e-01
4.720000000000000284e+01,2.640779421221866041e-01
4.723333333333333428e+01,2.636416720257233059e-01
4.726666666666666572e+01,2.626087459807078806e-01
4.729999999999999716e+01,2.623335048231513755e-01
4.733333333333333570e+01,2.611603858520900046e-01
4.736666666666666714e+01,2.607533118971062103e-01
4.739999999999999858e+01,2.599659163987140809e-01
4.743333333333333002e+01,2.591913826366554763e-01
4.746666666666666856e+01,2.586221864951768756e-01
4.750000000000000000e+01,2.583957556270094491e-01
4.753333333333333144e+01,2.581444372990354674e-01
4.756666666666666998e+01,2.561003215434083935e-01
4.760000000000000142e+01,2.553506752411576763e-01
4.763333333333333286e+01,2.544788424437299801e-01
4.766666666666666430e+01,2.535160771704181859e-01
4.770000000000000284e+01,2.525974276527334084e-01
4.773333333333333428e+01,2.523318327974276576e-01
4.776666666666666572e+01,2.514484244372991451e-01
4.779999999999999716e+01,2.503431511254023967e-01
4.783333333333333570e+01,2.493327974276529635e-01
4.786666666666666714e+01,2.482291961414788695e-01
4.789999999999999858e+01,2.468224437299036123e-01
4.793333333333333002e+01,2.450528617363346984e-01
4.796666666666666856e+01,2.434991639871381397e-01
4.800000000000000000e+01,2.427361414790997207e-01
4.803333333333333144e+01,2.419738906752410545e-01
4.806666666666666998e+01,2.411423794212214089e-01
4.810000000000000142e+01,2.396542765273311504e-01
4.813333333333333286e+01,2.390160771704178400e-01
4.816666666666666430e+01,2.375340836012863055e-01
4.820000000000000284e+01,2.353150482315115033e-01
4.823333333333333428e+01,2.347238585209001638e-01
4.826666666666666572e+01,2.345530546623794399e-01
4.829999999999999716e+01,2.330331832797430391e-01
4.833333333333333570e+01,2.328616077170420073e-01
4.836666666666666714e+01,2.325345337620580433e-01
4.839999999999999858e+01,2.316662379421223772e-01
4.843333333333333002e+01,2.315775562700964074e-01
4.846666666666666856e+01,2.303220578778134298e-01
4.850000000000000000e+01,2.296009646302253626e-01
4.853333333333333144e+01,2.283075884244375464e-01
4.856666666666666998e+01,2.277665594855307341e-01
4.860000000000000142e+01,2.260617363344052944e-01
4.863333333333333286e+01,2.248329260450160905e-01
4.866666666666666430e+01,2.246097749196144522e-01
4.870000000000000284e+01,2.233303536977492287e-01
4.873333333333333428e+01,2.222423151125405838e-01
4.876666666666666572e+01,2.214156913183276398e-01
4.879999999999999716e+01,2.202949839228297013e-01
4.883333333333333570e+01,2.190529903536978795e-01
4.886666666666666714e+01,2.179041157556267649e-01
4.889999999999999858e+01,2.164177491961416788e-01
4.893333333333333002e+01,2.149678456591637699e-01
4.896666666666666856e+01,2.145118971061094060e-01
4.900000000000000000e+01,2.132962700964630698e-01
4.903333333333333144e+01,2.120786495176849307e-01
4.906666666666666998e+01,2.108127331189708908e-01
4.910000000000000142e+01,2.095209646302250706e-01
4.913333333333333286e+01,2.071723472668808019e-01
4.916666666666666430e+01,2.058726688102893998e-01
4.920000000000000284e+01,2.046601929260450925e-01
4.923333333333333428e+01,2.033738906752408648e-01
4.926666666666666572e+01,2.029530546623793397e-01
4.929999999999999716e+01,2.019515755627006859e-01
4.933333333333333570e+01,2.010263665594857196e-01
4.936666666666666714e+01,1.999138263665596882e-01
4.939999999999999858e+01,2.001158199356911360e-01
4.943333333333333002e+01,1.996102893890679408e-01
4.946666666666666856e+01,1.980506109324759734e-01
4.950000000000000000e+01,1.976192282958202096e-01
4.953333333333333144e+01,1.965428938906751688e-01
4.956666666666666998e+01,1.954732475884245202e-01
4.960000000000000142e+01,1.948986495176852074e-01
4.963333333333333286e+01,1.933501607717044712e-01
4.966666666666666430e+01,1.926497106109323620e-01
4.970000000000000284e+01,1.912194212218649991e-01
4.973333333333333428e+01,1.907024437299034425e-01
4.976666666666666572e+01,1.894007073954982745e-01
4.979999999999999716e+01,1.888266237942124171e-01
4.983333333333333570e+01,1.876900321543407135e-01
4.986666666666666714e+01,1.866668810289393854e-01
4.989999999999999858e+01,1.858311897106113275e-01
4.993333333333333002e+01,1.844472668810290539e-01
4.996666666666666856e+01,1.833419935691318892e-01
5.000000000000000000e+01,1.832252733118968635e-01
5.003333333333333144e+01,1.827343408360132815e-01
5.006666666666666998e+01,1.813233440514466777e-01
5.010000000000000142e+01,1.806201286173634568e-01
5.013333333333333286e+01,1.804298392282960017e-01
5.016666666666666430e+01,1.793162057877817905e-01
5.020000000000000284e+01,1.790245659163987868e-01
5.023333333333333428e+01,1.783912540192927332e-01
5.026666666666666572e+01,1.777980707395496185e-01
5.029999999999999716e+01,1.772755627009646451e-01
5.033333333333333570e+01,1.762532475884247829e-01
5.036666666666666714e+01,1.762691318327971879e-01
5.039999999999999858e+01,1.750684887459809658e-01
5.043333333333333002e+01,1.749350482315114030e-01
5.046666666666666856e+01,1.736828938906750941e-01
5.050000000000000000e+01,1.732398713826371617e-01
5.053333333333333144e+01,1.731358842443732615e-01
5.056666666666666998e+01,1.709979421221867468e-01
5.060000000000000142e+01,1.700538906752415147e-01
5.063333333333333286e+01,1.687970418006433659e-01
5.066666666666666430e+01,1.669193569131833255e-01
5.070000000000000284e+01,1.643356913183278978e-01
5.073333333333333428e+01,1.635963987138266962e-01
5.076666666666666572e+01,1.626311254019294494e-01
5.079999999999999716e+01,1.611077170418008242e-01
5.083333333333333570e+01,1.598299035369773746e-01
5.086666666666666714e+01,1.587059163987137866e-01
5.089999999999999858e+01,1.573430868167201013e-01
5.093333333333333002e+01,1.559738263665592650e-01
5.096666666666666856e+01,1.546450160771704885e-01
5.100000000000000000e+01,1.529666237942119422e-01
5.103333333333333144e+01,1.523455948553053274e-01
5.106666666666666998e+01,1.507993569131833300e-01
5.110000000000000142e+01,1.497122186495178642e-01
5.113333333333333286e+01,1.476737620578784105e-01
5.116666666666666430e+01,1.470109324758844538e-01
5.120000000000000284e+01,1.458360128617368634e-01
5.123333333333333428e+01,1.451945980707392558e-01
5.126666666666666572e+01,1.441633440514465125e-01
5.129999999999999716e+01,1.438887459807075275e-01
5.133333333333333570e+01,1.427315112540197550e-01
5.136666666666666714e+01,1.418640514469450553e-01
5.139999999999999858e+01,1.400028938906754672e-01
5.143333333333333002e+01,1.388225080385853405e-01
5.146666666666666856e+01,1.380102893890671478e-01
5.150000000000000000e+01,1.374513183279741924e-01
5.153333333333333144e+01,1.361342765273312327e-01
5.156666666666666998e+01,1.352860450160770500e-01
5.160000000000000142e+01,1.346028295819937104e-01
5.163333333333333286e+01,1.337425723472672467e-01
5.166666666666666430e+01,1.334124758842446246e-01
5.170000000000000284e+01,1.325193569131833116e-01
5.173333333333333428e+01,1.314205787781351498e-01
5.176666666666666572e+01,1.302276527331191480e-01
5.179999999999999716e+01,1.295311897106111165e-01
5.183333333333333570e+01,1.288844372990356202e-01
5.186666666666666714e+01,1.271878456591641060e-01
5.189999999999999858e+01,1.270288745980708012e-01
5.193333333333333002e+01,1.263143408360133113e-01
5.196666666666666856e+01,1.248304823151124843e-01
5.200000000000000000e+01,1.248274598070738539e-01
5.203333333333333144e+01,1.242875884244374757e-01
5.206666666666666998e+01,1.232036012861736779e-01
5.210000000000000142e+01,1.226234083601284164e-01
5.213333333333333286e+01,1.209624437299036681e-01
5.216666666666666430e+01,1.198709967845661140e-01
5.220000000000000284e+01,1.197691318327978038e-01
5.223333333333333428e+01,1.187114469453377508e-01
5.226666666666666572e+01,1.175629581993570399e-01
5.229999999999999716e+01,1.170496463022507316e-01
5.233333333333333570e+01,1.151753697749198779e-01
5.236666666666666714e+01,1.135920900321539528e-01
5.239999999999999858e+01,1.123214147909968874e-01
5.243333333333333002e+01,1.118630868167204973e-01
5.246666666666666856e+01,1.106777491961416920e-01
5.250000000000000000e+01,1.102382636655951653e-01
5.253333333333333144e+01,1.084999999999997355e-01
5.256666666666666998e+01,1.080167202572347718e-01
5.260000000000000142e+01,1.071934405144699676e-01
5.263333333333333286e+01,1.067082315112543034e-01
5.266666666666666430e+01,1.055592282958197625e-01
5.270000000000000284e+01,1.043027652733116289e-01
5.273333333333333428e+01,1.020466237942121435e-01
5.276666666666666572e+01,1.009635369774921770e-01
5.279999999999999716e+01,9.927768488746017972e-02
5.283333333333333570e+01,9.844713826366542631e-02
5.286666666666666714e+01,9.732231511254063605e-02
5.289999999999999858e+01,9.629434083601325078e-02
5.293333333333333002e+01,9.503504823151108505e-02
5.296666666666666856e+01,9.342379421221834457e-02
5.300000000000000000e+01,9.288861736334420860e-02
5.303333333333333144e+01,9.150501607717020924e-02
5.306666666666666998e+01,9.035781350482310903e-02
5.310000000000000142e+01,8.984180064308631974e-02
5.313333333333333286e+01,8.932733118971024344e-02
5.316666666666666430e+01,8.823350482315144017e-02
5.320000000000000284e+01,8.772456591639866963e-02
5.323333333333333428e+01,8.651729903536978239e-02
5.326666666666666572e+01,8.637729903537015586e-02
5.329999999999999716e+01,8.532739549839241100e-02
5.333333333333333570e+01,8.458874598070782735e-02
5.336666666666666714e+01,8.426816720257244986e-02
5.339999999999999858e+01,8.414070739549855960e-02
5.343333333333333002e+01,8.346392282958198239e-02
5.346666666666666856e+01,8.291106109324773710e-02
5.350000000000000000e+01,8.210842443729929330e-02
5.353333333333333144e+01,8.189363344051418803e-02
5.356666666666666998e+01,8.137427652733127126e-02
5.360000000000000142e+01,8.117620578778189655e-02
5.363333333333333286e+01,8.016000000000034209e-02
5.366666666666666430e+01,7.971254019292622894e-02
5.370000000000000284e+01,7.945286173633477056e-02
5.373333333333333428e+01,7.925594855305502506e-02
5.376666666666666572e+01,7.793736334405176880e-02
5.379999999999999716e+01,7.750836012861776758e-02
5.383333333333333570e+01,7.569890675241171263e-02
5.386666666666666714e+01,7.551035369774904138e-02
5.389999999999999858e+01,7.393041800643111727e-02
5.393333333333333002e+01,7.275048231511298258e-02
5.396666666666666856e+01,7.189787781350512330e-02
5.400000000000000000e+01,7.070225080385879324e-02
5.403333333333333144e+01,7.053247588424453596e-02
5.406666666666666998e+01,6.883022508038627585e-02
5.410000000000000142e+01,6.832308681672026596e-02
5.413333333333333286e+01,6.736913183279766293e-02
5.416666666666666430e+01,6.650025723472687000e-02
5.420000000000000284e+01,6.469427652733156231e-02
5.423333333333333428e+01,6.329389067524118784e-02
5.426666666666666572e+01,6.263884244372994181e-02
5.429999999999999716e+01,6.126006430868134733e-02
5.433333333333333570e+01,6.004469453376210658e-02
5.436666666666666714e+01,5.930418006430850791e-02
5.439999999999999858e+01,5.766109324758832838e-02
5.443333333333333002e+01,5.597749196141479922e-02
5.446666666666666856e+01,5.479826366559509970e-02
5.450000000000000000e+01,5.281717041800657042e-02
5.453333333333333144e+01,5.112385852090014365e-02
5.456666666666666998e+01,5.065594855305441402e-02
5.460000000000000142e+01,4.884186495176836423e-02
5.463333333333333286e+01,4.792456591639873698e-02
5.466666666666666430e+01,4.685260450160763646e-02
5.470000000000000284e+01,4.577260450160776373e-02
5.473333333333333428e+01,4.382186495176848551e-02
5.476666666666666572e+01,4.258906752411560637e-02
5.479999999999999716e+01,4.208598070739523467e-02
5.483333333333333570e+01,4.115614147909947562e-02
5.486666666666666714e+01,4.076482315112586047e-02
5.489999999999999858e+01,3.935594855305458994e-02
5.493333333333333002e+01,3.796154340835990876e-02
5.496666666666666856e+01,3.711794212218651884e-02
5.500000000000000000e+01,3.596643086816731644e-02
5.503333333333333144e+01,3.541009646302272634e-02
5.506666666666666998e+01,3.506070739549867199e-02
5.510000000000000142e+01,3.339935691318338118e-02
5.513333333333333286e+01,3.290012861736337640e-02
5.516666666666666430e+01,3.175073954983909791e-02
5.520000000000000284e+01,3.116848874598076788e-02
5.523333333333333428e+01,2.987498392282951151e-02
5.526666666666666572e+01,2.950469453376225459e-02
5.529999999999999716e+01,2.839884244372956057e-02
5.533333333333333570e+01,2.725819935691368989e-02
5.536666666666666714e+01,2.643061093247586410e-02
5.539999999999999858e+01,2.411459807073999817e-02
5.543333333333333002e+01,2.221877813504854332e-02
5.546666666666666856e+01,2.086945337620548652e-02
5.550000000000000000e+01,2.007755627009641039e-02
5.553333333333333144e+01,1.819459807073938590e-02
5.556666666666666998e+01,1.699659163987141119e-02
5.560000000000000142e+01,1.665241157556316201e-02
5.563333333333333286e+01,1.517028938906778666e-02
5.566666666666666430e+01,1.418900321543416915e-02
5.570000000000000284e+01,1.322141479099671682e-02
5.573333333333333428e+01,1.179350482315151896e-02
5.576666666666666572e+01,1.085807073954941394e-02
5.579999999999999716e+01,1.036848874598046699e-02
5.583333333333333570e+01,9.315498392282513945e-03
5.586666666666666714e+01,8.127202572346907752e-03
5.589999999999999858e+01,6.562186495176897116e-03
5.593333333333333002e+01,4.675948553054918785e-03
5.596666666666666856e+01,2.717749196141622681e-03
5.600000000000000000e+01,1.736784565916701635e-03
5.603333333333333144e+01,5.644372990352109713e-04
5.606666666666666998e+01,-6.144694533765886332e-04
5.610000000000000142e+01,-1.769131832797852990e-03
5.613333333333333286e+01,-3.338906752411679394e-03
5.616666666666666430e+01,-4.332282958199043348e-03
5.620000000000000284e+01,-5.111254019292242254e-03
5.623333333333333428e+01,-6.223151125402076426e-03
5.626666666666666572e+01,-6.665209003215512122e-03
5.629999999999999716e+01,-7.003858520900455541e-03
5.633333333333333570e+01,-8.282508038584983356e-03
5.636666666666666714e+01,-8.392604501607609305e-03
5.639999999999999858e+01,-8.766945337620769829e-03
5.643333333333333002e+01,-9.387524115755678869e-03
5.646666666666666856e+01,-9.649324758842062894e-03
5.650000000000000000e+01,-9.759485530546266677e-03
5.653333333333333144e+01,-9.849131832797014194e-03
5.656666666666666998e+01,-9.790996784566083702e-03
5.660000000000000142e+01,-9.796141479099644903e-03
5.663333333333333286e+01,-1.024681672025699875e-02
5.666666666666666430e+01,-1.012591639871355219e-02
5.670000000000000284e+01,-1.021974276527349776e-02
5.673333333333333428e+01,-1.050623794212200701e-02
5.676666666666666572e+01,-1.025723472668821010e-02
5.679999999999999716e+01,-9.770739549839077553e-03
5.683333333333333570e+01,-1.029028938906753621e-02
5.686666666666666714e+01,-1.107652733118961834e-02
5.689999999999999858e+01,-1.012366559485533557e-02
5.693333333333333002e+01,-9.784308681672350752e-03
5.696666666666666856e+01,-9.871189710610779253e-03
5.700000000000000000e+01,-9.882958199357026394e-03
5.703333333333333144e+01,-9.712733118971441509e-03
5.706666666666666998e+01,-9.590096463022149478e-03
5.710000000000000142e+01,-9.758585209003352995e-03
5.713333333333333286e+01,-9.806430868167162820e-03
5.716666666666666430e+01,-9.663408360128503474e-03
5.720000000000000284e+01,-9.533118971060586255e-03
5.723333333333333428e+01,-9.824887459806877499e-03
5.726666666666666572e+01,-9.918649517684445527e-03
5.729999999999999716e+01,-9.019228295819921304e-03
5.733333333333333570e+01,-9.361093247588639712e-03
5.736666666666666714e+01,-9.240064308681900443e-03
5.739999999999999858e+01,-8.762250803858799911e-03
5.743333333333333002e+01,-8.584308681671544428e-03
5.746666666666666856e+01,-7.954790996784420407e-03
5.750000000000000000e+01,-7.730546623794061142e-03
5.753333333333333144e+01,-6.562700964630333381e-03
5.756666666666666998e+01,-5.955176848874728715e-03
5.760000000000000142e+01,-5.433826366559512018e-03
5.763333333333333286e+01,-4.341028938906653194e-03
5.766666666666666430e+01,-4.313633440514056533e-03
5.770000000000000284e+01,-3.382443729903263866e-03
5.773333333333333428e+01,-3.312797427652539387e-03
5.776666666666666572e+01,-2.117491961414501821e-03
5.779999999999999716e+01,-1.671639871382808729e-03
5.783333333333333570e+01,-1.677363344051384245e-03
5.786666666666666714e+01,-6.948553054665550189e-04
5.789999999999999858e+01,4.601929260448527266e-04
5.793333333333333002e+01,1.049839228295890766e-03
5.796666666666666856e+01,1.317877813505217034e-03
5.800000000000000000e+01,1.844244372990567994e-03
5.803333333333333144e+01,2.835176848874444277e-03
5.806666666666666998e+01,4.044758842444194126e-03
5.810000000000000142e+01,4.950482315112442189e-03
5.813333333333333286e+01,5.483536977492326457e-03
5.816666666666666430e+01,7.006559485530527986e-03
5.820000000000000284e+01,8.353311897105872644e-03
5.823333333333333428e+01,9.014019292604915842e-03
5.826666666666666572e+01,1.024012861736366305e-02
5.829999999999999716e+01,1.162848874598067413e-02
5.833333333333333570e+01,1.265787781350455332e-02
5.836666666666666714e+01,1.352218649517707150e-02
5.839999999999999858e+01,1.554083601286189269e-02
5.843333333333333002e+01,1.702765273311910438e-02
5.846666666666666856e+01,1.880237942122184314e-02
5.850000000000000000e+01,2.097247588424423423e-02
5.853333333333333144e+01,2.233453376205763244e-02
5.856666666666666998e+01,2.373125401929250880e-02
5.860000000000000142e+01,2.678861736334423385e-02
5.863333333333333286e+01,2.782488745980685185e-02
5.866666666666666430e+01,2.991999999999995705e-02
5.870000000000000284e+01,3.181607717041852468e-02
5.873333333333333428e+01,3.285691318327955968e-02
5.876666666666666572e+01,3.471961414791011058e-02
5.879999999999999716e+01,3.666816720257221746e-02
5.883333333333333570e+01,3.779035369774916969e-02
5.886666666666666714e+01,3.930520900321517186e-02
5.889999999999999858e+01,4.040836012861779430e-02
5.893333333333333002e+01,4.119485530546593277e-02
5.896666666666666856e+01,4.212823151125415916e-02
5.900000000000000000e+01,4.274919614147894287e-02
5.903333333333333144e+01,4.463163987138279998e-02
5.906666666666666998e+01,4.602122186495168771e-02
5.910000000000000142e+01,4.750482315112512094e-02
5.913333333333333286e+01,4.885594855305480655e-02
5.916666666666666430e+01,4.937363344051479142e-02
5.920000000000000284e+01,5.173183279742786522e-02
5.923333333333333428e+01,5.378662379421249307e-02
5.926666666666666572e+01,5.527633440514425484e-02
5.929999999999999716e+01,5.683472668810263945e-02
5.933333333333333570e+01,5.815305466237905008e-02
5.936666666666666714e+01,5.976668810289395561e-02
5.939999999999999858e+01,6.067292604501643705e-02
5.943333333333333002e+01,6.201974276527336127e-02
5.946666666666666856e+01,6.380128617363366172e-02
5.950000000000000000e+01,6.611871382636654026e-02
5.953333333333333144e+01,6.761350482315134358e-02
5.956666666666666998e+01,6.839395498392339401e-02
5.960000000000000142e+01,6.953401929260465131e-02
5.963333333333333286e+01,7.066514469453381853e-02
5.966666666666666430e+01,7.189710610932484314e-02
5.970000000000000284e+01,7.293665594855280876e-02
5.973333333333333428e+01,7.485762057877851094e-02
5.976666666666666572e+01,7.473652733119019731e-02
5.979999999999999716e+01,7.547742765273313115e-02
5.983333333333333570e+01,7.718180064308657884e-02
5.986666666666666714e+01,7.728385852090055574e-02
5.989999999999999858e+01,7.831774919614180319e-02
5.993333333333333002e+01,7.898971061093246204e-02
5.996666666666666856e+01,7.912707395498398688e-02
6.000000000000000000e+01,7.970173633440474914e-02
6.003333333333333144e+01,8.057800643086811265e-02
6.006666666666666998e+01,8.042797427652702280e-02
6.010000000000000142e+01,8.131980707395516927e-02
6.013333333333333286e+01,8.149852090032125296e-02
6.016666666666666430e+01,8.284405144694538536e-02
6.020000000000000284e+01,8.327041800643102121e-02
6.023333333333333428e+01,8.455131832797442570e-02
6.026666666666666572e+01,8.600758842443750884e-02
6.029999999999999716e+01,8.719228295819947405e-02
6.033333333333333570e+01,8.790372990353713389e-02
6.036666666666666714e+01,8.957369774919594907e-02
6.039999999999999858e+01,9.025781350482299514e-02
6.043333333333333002e+01,9.177691318327964309e-02
6.046666666666666856e+01,9.263858520900300486e-02
6.050000000000000000e+01,9.399871382636661166e-02
6.053333333333333144e+01,9.466913183279736244e-02
6.056666666666666998e+01,9.647974276527318538e-02
6.060000000000000142e+01,9.758070739549865036e-02
6.063333333333333286e+01,9.914482315112534139e-02
6.066666666666666430e+01,1.008392282958203573e-01
6.070000000000000284e+01,1.029947266881023477e-01
6.073333333333333428e+01,1.040988424437294529e-01
6.076666666666666572e+01,1.058077170418010582e-01
6.079999999999999716e+01,1.069824437299037867e-01
6.083333333333333570e+01,1.089161414790994348e-01
6.086666666666666714e+01,1.105273311897107258e-01
6.089999999999999858e+01,1.123229581993570592e-01
6.093333333333333002e+01,1.144087459807072715e-01
6.096666666666666856e+01,1.173695819935691165e-01
6.100000000000000000e+01,1.189661736334401143e-01
6.103333333333333144e+01,1.204182636655950767e-01
6.106666666666666998e+01,1.231819935691316342e-01
6.110000000000000142e+01,1.253930546623792386e-01
6.113333333333333286e+01,1.260902250803859759e-01
6.116666666666666430e+01,1.281673954983926778e-01
6.120000000000000284e+01,1.299368488745984151e-01
6.123333333333333428e+01,1.318959485530546427e-01
6.126666666666666572e+01,1.333394212218654007e-01
6.129999999999999716e+01,1.353237299035370267e-01
6.133333333333333570e+01,1.373374276527332960e-01
6.136666666666666714e+01,1.406440514469451397e-01
6.139999999999999858e+01,1.425823794212218443e-01
6.143333333333333002e+01,1.443206430868168855e-01
6.146666666666666856e+01,1.463902250803859884e-01
6.150000000000000000e+01,1.484598070739552300e-01
6.153333333333333144e+01,1.512168488745981865e-01
6.156666666666666998e+01,1.529989067524120672e-01
6.160000000000000142e+01,1.546724758842445147e-01
6.163333333333333286e+01,1.563437942122187785e-01
6.166666666666666430e+01,1.573131832797427243e-01
6.170000000000000284e+01,1.596971061093247768e-01
6.173333333333333428e+01,1.606720257234728333e-01
6.176666666666666572e+01,1.611466237942120183e-01
6.179999999999999716e+01,1.621108038585210853e-01
6.183333333333333570e+01,1.626414147909969743e-01
6.186666666666666714e+01,1.635359485530547830e-01
6.189999999999999858e+01,1.653230225080387639e-01
6.193333333333333002e+01,1.662141479099678021e-01
6.196666666666666856e+01,1.673091961414790163e-01
6.200000000000000000e+01,1.682949839228293221e-01
6.203333333333333144e+01,1.690884887459809527e-01
6.206666666666666998e+01,1.699172990353694790e-01
6.210000000000000142e+01,1.713041800643085588e-01
6.213333333333333286e+01,1.720622508038584242e-01
6.216666666666666430e+01,1.720100964630225104e-01
6.220000000000000284e+01,1.729022508038585426e-01
6.223333333333333428e+01,1.730059807073957567e-01
6.226666666666666572e+01,1.731668167202572439e-01
6.229999999999999716e+01,1.738940192926043127e-01
6.233333333333333570e+01,1.740394855305464339e-01
6.236666666666666714e+01,1.753484887459806352e-01
6.239999999999999858e+01,1.759852090032154592e-01
6.243333333333333002e+01,1.759099678456590432e-01
6.246666666666666856e+01,1.761187781350484483e-01
6.250000000000000000e+01,1.770229581993572054e-01
6.253333333333333144e+01,1.772292604501603530e-01
6.256666666666666998e+01,1.777408360128616138e-01
6.260000000000000142e+01,1.788371704180062860e-01
6.263333333333333286e+01,1.787586495176847756e-01
6.266666666666666430e+01,1.788949839228297090e-01
6.270000000000000284e+01,1.792291318327975669e-01
6.273333333333333428e+01,1.793192282958202821e-01
6.276666666666666572e+01,1.795717041800640457e-01
6.279999999999999716e+01,1.806327974276530079e-01
6.283333333333333570e+01,1.807706109324758725e-01
6.286666666666666714e+01,1.812811575562700006e-01
6.289999999999999858e+01,1.818625723472672706e-01
6.293333333333333002e+01,1.829901607717038248e-01
6.296666666666666856e+01,1.840039228295825557e-01
6.300000000000000000e+01,1.841192926045017719e-01
6.303333333333333144e+01,1.853086173633441136e-01
6.306666666666666998e+01,1.853413504823151481e-01
6.310000000000000142e+01,1.865319614147906702e-01
6.313333333333333286e+01,1.874877813504825519e-01
6.316666666666666430e+01,1.877681672025723336e-01
6.320000000000000284e+01,1.888150482315110457e-01
6.323333333333333428e+01,1.901322829581992557e-01
6.326666666666666572e+01,1.911551125401926843e-01
6.329999999999999716e+01,1.913844372990351761e-01
6.333333333333333570e+01,1.935852090032152417e-01
6.336666666666666714e+01,1.941009646302251923e-01
6.339999999999999858e+01,1.943845659163988826e-01
6.343333333333333002e+01,1.956604501607714930e-01
6.346666666666666856e+01,1.965969774919611168e-01
6.350000000000000000e+01,1.976977491961416922e-01
6.353333333333333144e+01,1.986493890675239682e-01
6.356666666666666998e+01,2.001111254019295738e-01
6.360000000000000142e+01,2.010261736334408578e-01
6.363333333333333286e+01,2.023897106109325827e-01
6.366666666666666430e+01,2.034403858520900665e-01
6.370000000000000284e+01,2.048657877813500616e-01
6.373333333333333428e+01,2.058671382636660940e-01
6.376666666666666572e+01,2.071602572347262528e-01
6.379999999999999716e+01,2.082392282958203389e-01
6.383333333333333570e+01,2.094068810289385074e-01
6.386666666666666714e+01,2.105040514469453117e-01
6.389999999999999858e+01,2.119802572347269931e-01
6.393333333333333002e+01,2.132300321543412480e-01
6.396666666666666856e+01,2.140559485530545425e-01
6.400000000000000000e+01,2.157647588424435048e-01
6.403333333333333144e+01,2.165485530546626403e-01
6.406666666666666288e+01,2.181817363344055738e-01
6.409999999999999432e+01,2.185348553054661525e-01
6.413333333333333997e+01,2.199362057877815579e-01
6.416666666666667140e+01,2.208234083601287867e-01
6.420000000000000284e+01,2.224325401929263257e-01
6.423333333333333428e+01,2.228815434083604718e-01
6.426666666666666572e+01,2.240645659163992276e-01
6.429999999999999716e+01,2.245785209003212102e-01
6.433333333333332860e+01,2.250527331189715874e-01
6.436666666666666003e+01,2.272445659163986609e-01
6.440000000000000568e+01,2.285485530546629562e-01
6.443333333333333712e+01,2.289967845659165724e-01
6.446666666666666856e+01,2.307858520900319399e-01
6.450000000000000000e+01,2.311558199356908982e-01
6.453333333333333144e+01,2.320550482315109353e-01
6.456666666666666288e+01,2.332282958199360101e-01
6.459999999999999432e+01,2.342741479099679780e-01
6.463333333333333997e+01,2.356249517684890771e-01
6.466666666666667140e+01,2.378154340836009795e-01
6.470000000000000284e+01,2.380111897106110819e-01
6.473333333333333428e+01,2.410385852090035641e-01
6.476666666666666572e+01,2.428318327974281488e-01
6.479999999999999716e+01,2.439724758842445329e-01
6.483333333333332860e+01,2.451750482315114554e-01
6.486666666666666003e+01,2.474704180064308534e-01
6.490000000000000568e+01,2.505239871382636263e-01
6.493333333333333712e+01,2.514188424437301395e-01
6.496666666666666856e+01,2.523830868167202812e-01
6.500000000000000000e+01,2.552879099678457275e-01
6.503333333333333144e+01,2.562907395498392749e-01
6.506666666666666288e+01,2.578168488745978260e-01
6.509999999999999432e+01,2.595131832797424876e-01
6.513333333333333997e+01,2.596258520900326938e-01
6.516666666666667140e+01,2.602816077170418407e-01
6.520000000000000284e+01,2.612617363344054144e-01
6.523333333333333428e+01,2.611534405144693149e-01
6.526666666666666572e+01,2.621807073954982581e-01
6.529999999999999716e+01,2.621034083601285203e-01
6.533333333333332860e+01,2.623938263665598902e-01
6.536666666666666003e+01,2.627727974276527489e-01
6.540000000000000568e+01,2.633672025723468035e-01
6.543333333333333712e+01,2.633108038585212363e-01
6.546666666666666856e+01,2.634506752411577835e-01
6.550000000000000000e+01,2.636828295819939050e-01
6.553333333333333144e+01,2.637282315112540743e-01
6.556666666666666288e+01,2.634300964630225117e-01
6.559999999999999432e+01,2.639369774919613776e-01
6.563333333333333997e+01,2.640288745980711727e-01
6.566666666666667140e+01,2.639046945337623629e-01
6.570000000000000284e+01,2.641749196141484624e-01
6.573333333333333428e+01,2.642998070739545069e-01
6.576666666666666572e+01,2.639610932475884852e-01
6.579999999999999716e+01,2.637347909967845405e-01
6.583333333333332860e+01,2.640793569131834606e-01
6.586666666666666003e+01,2.638410289389066521e-01
6.590000000000000568e+01,2.639810289389066811e-01
6.593333333333333712e+01,2.639570418006432773e-01
6.596666666666666856e+01,2.640700964630221526e-01
6.600000000000000000e+01,2.640926045016077639e-01
6.603333333333333144e+01,2.644936977491962882e-01
6.606666666666666288e+01,2.645897749196144400e-01
6.609999999999999432e+01,2.647710610932479391e-01
6.613333333333333997e+01,2.656061093247585880e-01
6.616666666666667140e+01,2.655861736334401701e-01
6.620000000000000284e+01,2.658875884244374932e-01
6.623333333333333428e+01,2.663291318327974944e-01
6.626666666666666572e+01,2.664356270096459589e-01
6.629999999999999716e+01,2.664175562700966671e-01
